data,gene 1,gene 2,gene 3,gene 4,gene 5,gene 6,gene 7,gene 8,gene 9,gene 10
time 0,25.6277604709,16.2882055755,28.0702583817,58.2611617709,41.7594508616,67.6709348106,1.53771818645,13.0591391744,12.1556494078,205.930535622
time 1,276.056872164,-3.75946147476,-61.7048576793,439.216128223,331.489502286,321.073080322,0.365125567172,28.1991135989,28.7115396677,2071.9965128
time 2,2966.37056979,12.1639122358,452.818346235,3648.16441893,847.110477029,1087.45334309,3.7415389909,-61.3700514851,-39.1654688982,13582.6536121
time 3,37799.2862621,-35.8795121948,-3674.79299094,42259.5872863,4271.71012161,6197.26387181,30.7193130506,-134.617301873,-128.605970883,18657.5517717
time 4,706926.71253,-44.3369676117,20514.0058636,385269.334489,42806.1315041,20541.2730249,187.740148721,-999.456708638,-412.252219014,-7446.02237943
time 5,12172127.141,-23.2673938522,-129646.597998,2412815.54635,235933.409765,117647.316632,1450.13491624,-4054.48402729,-2750.70859952,18607.3599305
time 6,193491653.765,0.493362913639,909924.206783,14565678.5251,1053969.12018,728587.54826,15891.8859323,-4555.41784308,-15014.8478295,-71167.8112498
time 7,2236756085.06,-0.414318237008,-6834937.08165,117302281.12,4625114.21388,6155983.30897,169700.807217,31409.6704875,-123077.874062,-300153.799785
time 8,22803508720.8,-0.824914228222,48653322.3099,522071209.359,1584907.25079,41038839.7545,3445359.15297,-320818.61163,-254107.696422,-434653.157485
time 9,265930822195.0,5.61662463135,-502193877.024,4194819443.8,-5024194.7176,409440425.825,78323440.8203,3857306.46158,-1040356.57498,-710609.141003
time 10,2.51710864807e+12,-50.1760603508,3947778997.16,65289035336.7,7901849.77245,5394294948.01,1747227495.96,-63172078.4565,313454.778885,534781.631675
time 11,2.86195094882e+13,347.190750567,-23351986309.7,904385937316.0,-5864628.34648,56320894079.1,33361552441.6,717823324.398,-800485.193572,-1650666.92629
time 12,3.79675068888e+14,-2726.63989191,188537682398.0,1.08264741979e+13,-15467752.6354,462745869306.0,509444186793.0,-4185737364.36,5690297.26653,7170286.29319
time 13,4.42845481366e+15,11135.9926353,-619184116930.0,1.02173308668e+14,29125028.0305,3.04952314461e+12,7.79160980017e+12,28802425285.3,-29644265.1236,-75338902.3799
time 14,5.28349295673e+16,-84254.3846074,7.22734843225e+12,1.28036868982e+15,-180207778.461,2.93445406953e+13,1.55126980392e+14,-492917183612.0,13614851.4311,366403710.263
time 15,6.96418294532e+17,539188.473103,-8.07726954939e+13,1.72135352348e+16,156676019.21,2.47917602896e+14,2.35340276305e+15,5.09494949587e+12,18206473.3655,-319950718.934
time 16,6.2982165747e+18,-3506417.23946,8.97987075798e+14,2.50363295053e+17,-457635242.272,2.81665598384e+15,4.04477581063e+16,-9.64078171106e+13,112849713.937,-1496504688.91
time 17,8.81937422642e+19,34491045.3636,-1.63777480094e+16,3.98419504086e+18,1654604921.66,4.22697324447e+16,5.26324003858e+17,1.83070877692e+15,1157147992.57,-16250868551.8
time 18,1.29554363223e+21,-326027096.622,2.06208177447e+17,5.05749828034e+19,-4585600974.79,6.03052834736e+17,8.40241642358e+18,-1.82035492178e+16,8554630229.26,-14818818411.3
time 19,1.76472504024e+22,4696926251.23,-3.5713654225e+18,5.39044347465e+20,7419672526.38,9.57829493894e+18,1.70059940661e+20,1.73406199779e+17,33933481041.6,-19781674928.6
time 20,2.52901210261e+23,-49138642287.0,6.53958139732e+19,2.68401141994e+21,-20356050519.0,7.40633142916e+19,4.1388859892e+21,-1.33631485557e+18,-68346765890.1,57750163180.1
time 21,3.13279814702e+24,412199893087.0,-1.16360576404e+21,-4.10107939152e+21,66409938435.2,3.44886700131e+20,9.85274182727e+22,6.18490297971e+18,170851103718.0,-142259845096.0
time 22,3.92414819386e+25,-4.10352743031e+12,2.13971958456e+22,-2.01690692289e+22,16793263320.4,3.12122795305e+21,2.06002297469e+24,-2.8487135835e+19,260434926004.0,496011149995.0
time 23,2.8345330948e+26,4.02678826498e+13,-3.7312757668e+23,-3.95162234165e+22,-43954319616.9,2.75367238882e+22,4.5399205029e+25,2.19966302144e+20,639481904947.0,-2.71554272859e+12
time 24,1.37074051398e+27,-5.50482242312e+14,7.23974653272e+24,3.44109223435e+22,337394644505.0,3.47113069545e+23,1.01335038362e+27,-1.49492210714e+21,2.23207124092e+12,3.2317486714e+13
time 25,3.3451974687e+27,8.61271787127e+15,-1.31745782636e+26,-4.27735859241e+22,-3.02963247626e+12,4.99805120133e+24,2.39022756595e+28,8.29782032658e+21,4.65099109313e+12,-5.01856451809e+14
time 26,1.82887860835e+28,-1.07015537938e+17,2.18493691962e+27,1.2917647163e+23,2.65581692685e+13,4.55469569882e+25,6.5543041921e+29,-7.67683830375e+22,-2.11532555191e+13,8.80509918748e+15
time 27,1.0546358267e+29,1.0988607893e+18,-2.96882285637e+28,-9.83596222661e+23,-1.658727355e+14,3.07916934416e+26,1.8070561212e+31,7.70110933976e+23,1.61898814173e+14,-1.23901665403e+17
time 28,3.54133230576e+29,-1.23446129911e+19,4.33910636445e+29,5.83757954359e+24,1.17588334713e+15,2.58114026344e+27,5.20577017113e+32,-8.40390159581e+24,-5.36772687716e+14,1.2424710858e+18
time 29,1.85006765899e+30,1.49588259012e+20,-4.38400151919e+30,-5.29356819127e+25,-1.11002701641e+16,2.92836392428e+28,1.71340238592e+34,9.71618120313e+25,2.54647379077e+15,-1.65095146483e+19
time 30,6.91627451065e+30,-1.41185320154e+21,1.75267583618e+31,6.68415470933e+26,1.20049566731e+17,2.88318473758e+29,5.96802793398e+35,-1.4432337191e+27,-1.71761971669e+16,2.22648996821e+20
time 31,4.28444245957e+29,1.26334630582e+22,-4.82405128052e+31,-1.08278733808e+28,-1.12372623851e+18,3.0703498622e+30,2.40946368274e+37,3.3669719234e+28,1.34651242527e+17,-2.04395091791e+21
time 32,2.20866027165e+29,-5.64056482581e+22,4.43316071628e+30,1.65813571755e+29,7.31901315325e+18,2.85954542998e+31,8.58305086571e+38,-9.74418009034e+29,-9.47588518737e+17,9.53517708744e+21
time 33,4.79154958893e+29,2.56980828084e+23,-8.40118283305e+30,-2.63239141996e+30,-5.28765148638e+19,2.09092085951e+32,3.12201592365e+40,2.80642551207e+31,8.47596790775e+18,-1.26855449828e+22
time 34,4.81143566209e+29,-3.31802662641e+23,-2.84685554875e+31,4.45963078353e+31,4.13500843661e+20,1.75933547846e+33,1.19334406252e+42,-1.05456522856e+33,-6.07260269544e+19,-4.17943625005e+22
time 35,2.2920891254e+30,-1.16763472985e+23,-1.13173938892e+32,-7.53119993621e+32,-2.31008160084e+21,1.70658447934e+34,4.02806719668e+43,4.01935263969e+34,2.60755802799e+20,-4.126056644e+23
time 36,1.32477721771e+31,1.77969028974e+23,-4.68096557337e+32,1.34224222726e+34,1.42646214218e+22,1.25029922992e+35,1.30794468404e+45,-1.31964972577e+36,-2.87155402423e+21,-3.13444370077e+24
time 37,1.14687251792e+32,-6.54225126005e+23,-1.04023963789e+33,-1.89000496301e+35,-9.66756490031e+22,1.2770957432e+36,5.00695320769e+46,4.6280625969e+37,2.96562681725e+22,-8.27239268501e+24
time 38,4.3715266963e+32,2.03311987335e+24,-5.39873922524e+33,3.67428947611e+36,1.20237272894e+24,1.49274724184e+37,1.96597506005e+48,-1.967319153e+39,-2.29900865728e+23,-7.27470891755e+25
time 39,2.34846659849e+33,-8.5775223608e+24,-6.89986287059e+33,-6.10711053579e+37,-1.28049276452e+25,1.40081055065e+38,9.15189266348e+49,9.0732270558e+40,2.66017379482e+24,-7.83910994551e+26
time 40,1.20416154502e+34,7.36263344617e+24,-5.27745663739e+34,7.7683222215e+38,1.27713312469e+26,1.15932057711e+39,4.50254359594e+51,-4.58471667347e+42,-3.44823282531e+25,-7.23374297083e+27
time 41,9.03534496541e+34,-1.88362672728e+25,-3.40755467521e+35,-9.65509324862e+39,-8.07903261804e+26,9.94943573277e+39,2.11042658277e+53,2.2232454514e+44,5.64601531743e+26,-8.94880418228e+28
time 42,6.31492053331e+35,-3.30563993264e+25,-3.49548151363e+36,1.42003844899e+41,7.92934212053e+27,4.79607568497e+40,9.33281850207e+54,-1.00164996631e+46,-8.57676347923e+27,-4.00492880315e+29
time 43,3.82328655389e+36,-1.02791144683e+26,-4.36681094958e+37,-2.63234065434e+42,-8.39813030177e+28,9.45588498322e+40,4.04399575219e+56,4.33076103753e+47,1.63982980765e+29,-9.85341347527e+28
time 44,4.0571636857e+37,-6.14629543278e+26,-5.54557731319e+38,4.85005798301e+43,7.98000417715e+29,-2.80617260678e+41,1.60493914364e+58,-1.60483332939e+49,-3.79903656233e+30,4.1654268031e+29
time 45,3.17399458856e+38,-6.05292972215e+27,-7.57461329099e+39,-8.12560128738e+44,-5.55975032716e+30,1.46442901265e+42,6.26871787014e+59,5.69406665418e+50,6.56775080109e+31,-3.76627777217e+28
time 46,3.05635269633e+39,-4.71172593018e+28,-1.22851029276e+41,1.60060793662e+46,5.06693274927e+31,-4.42826933839e+42,2.324413557e+61,-1.6780110892e+52,-1.27129336713e+33,1.77267136148e+29
time 47,4.44092451669e+40,-4.24172034839e+29,-2.1699224322e+42,-3.41124588728e+47,-3.15387151468e+32,3.38025343712e+43,8.57957731433e+62,4.40088051249e+53,3.58484384322e+34,-1.786373637e+30
time 48,6.36950033504e+41,-3.79791786775e+30,-3.08922478548e+43,7.66737244354e+48,2.10767805343e+33,-2.81698057755e+44,3.04309774582e+64,-1.11021674746e+55,-9.26798214044e+35,1.38301053678e+31
time 49,1.23828638311e+43,-2.79220357504e+31,-3.99582843707e+44,-1.73309243582e+50,-5.17957865247e+33,1.15175245638e+45,9.33703580192e+65,3.04963805627e+56,2.42013181654e+37,-5.44386417201e+31
time 50,14.9996255762,5.44592623675,1.05850740994,9.99820179296,0.284303389055,13.4714374567,-2.28154064848,36.1017956531,75.7998752574,178.017029466
time 51,-22.5509337988,28.9902402492,0.963713330416,61.8224687695,-1.97595025034,36.5755087541,5.35770814558,-102.979229104,966.504267969,2826.04371596
time 52,-31.0818136836,118.208300482,-5.73184262288,231.1536546,-8.90602056123,57.1736254321,-21.9924785303,-215.088465177,14104.1153486,36053.6850546
time 53,-25.0253963905,471.653498074,28.6008254692,-878.602196359,-20.6158396093,-189.945382075,-23.2053708944,-245.707461409,80424.2868443,403016.836227
time 54,2.37623390933,3769.07328675,19.940359638,1223.19949188,-59.0135298045,543.74993061,70.5979410375,603.79510736,909179.363073,7519036.08585
time 55,-10.1441685216,28825.8041392,-49.83577393,2191.39958651,-379.58711066,-2732.92982081,-503.605112957,1060.98840365,11564078.5301,145707264.667
time 56,53.1425974123,86172.864662,529.768336145,7483.65785699,-1956.98299833,6010.8621137,1395.31713399,-2165.9831705,164851474.488,3166466235.66
time 57,-207.176151758,131241.554013,-6738.48734114,20369.9263043,-11555.5626985,458.221585101,-11271.1619743,-765.346666968,2668209946.83,69985378414.0
time 58,738.873262051,8779.46856774,79975.1232021,123145.356697,-65631.1664066,736.746015949,-29100.3787561,3922.26467517,39143021580.1,1.6260507705e+12
time 59,-2461.10355393,4561.92481414,-1118385.47713,733943.378043,-209482.15276,2226.31992985,-157595.023631,-43768.3458712,792296703944.0,4.81719642755e+13
time 60,3090.82730836,-3608.30809339,19019544.7112,12753097.4092,-1713647.78059,9115.0299479,-1198445.58224,537727.042801,1.73641990633e+13,1.50520855425e+15
time 61,-24219.9358725,778.852823879,-298779896.768,203394738.882,-11238877.4684,9502.60262815,-9078421.48031,-6027554.03518,3.43271964475e+14,4.02930672875e+16
time 62,303579.440362,4229.9691648,3150861485.83,2375768138.32,-92095003.1867,4994.19922945,-744523.214952,42817534.2439,9.40660370672e+15,1.04731089207e+18
time 63,-4273676.25698,38136.2661398,-27656248660.5,8192634222.5,-379184958.733,-25045.5990973,-1289147.25672,-311415359.012,2.29696821901e+17,2.29375670449e+19
time 64,35947029.4148,160699.749238,368056577237.0,48595115719.4,-429803070.421,72767.4777699,-7512463.84607,2595855974.21,4.81306556246e+18,5.59932716795e+20
time 65,-168786555.176,542831.918665,-4.54189369697e+12,183114451345.0,-100386297.583,-190651.658997,-4626585.29751,-13635065663.1,7.66366720347e+19,1.04197722999e+22
time 66,1445925675.02,3558391.61578,5.37010692689e+13,725934250092.0,11207200.0329,443896.918333,-1980981.34363,155957629582.0,1.7173641846e+21,2.32210987537e+23
time 67,-13071838017.5,35160116.592,-5.65005380292e+14,-1.65676250301e+12,-17220907.5203,-2301140.2158,4917435.04037,-1.43282717415e+12,3.84528004844e+22,4.54552719875e+24
time 68,196612126922.0,302359709.519,5.97662949037e+15,2.66062771896e+12,40077061.1159,10524034.6701,-21559627.7391,5.45105373064e+12,9.94335405351e+23,7.69485728795e+25
time 69,-2.27501158388e+12,3397099028.04,-5.12783027495e+16,-1.70202938481e+13,-108608044.543,-95182813.6853,111300987.21,4.87978667883e+13,2.40073023154e+25,5.7826971204e+26
time 70,1.55047402757e+13,50395904659.9,4.07726347633e+17,9.2559992327e+13,-4575331.13135,1075278634.19,-828985319.912,4.5450103908e+14,5.89310164861e+26,6.20164128092e+27
time 71,-1.06953788916e+14,813537078202.0,-2.75384695985e+18,-3.99191529614e+14,7098398.09985,-13480537152.1,2633240773.42,3.86481757648e+15,1.49081670634e+28,4.97230207778e+28
time 72,1.07979463151e+15,1.05081300105e+13,2.88769298209e+19,4.25981924947e+15,7800155.18972,176130601879.0,-955571841.606,3.9575899787e+16,3.25003465289e+29,7.31532135737e+29
time 73,-1.50186988656e+16,1.70995276433e+14,-1.63447268306e+20,-3.79271552567e+16,3640267.89634,-2.41361089474e+12,6563512779.27,4.795855152e+17,8.35860993351e+30,1.01017690449e+31
time 74,2.04015766408e+17,3.61138967984e+15,5.33112384794e+20,1.98351288106e+17,8733582.30175,4.00901553982e+13,-93904530302.6,9.97505459707e+18,2.6110319261e+32,5.05586196312e+31
time 75,-3.48420003371e+18,8.50363275986e+16,-1.87271915567e+21,-9.52586697648e+17,1758910.25728,-7.16249377667e+14,1.80583907112e+12,1.9160660725e+20,9.2419359271e+33,3.52044742416e+32
time 76,6.22603342372e+19,2.07991341852e+18,3.1003689688e+21,-4.84613507679e+18,5925649.19464,8.27818032125e+15,-4.18725667069e+13,1.28256123892e+21,4.00471518414e+35,7.33992152392e+33
time 77,-1.24850541437e+21,5.20848961073e+19,1.60505456503e+22,-4.67522622314e+19,6233202.53367,-6.98185573264e+16,9.50739758669e+14,1.08222444682e+22,1.92397041625e+37,1.3080690878e+35
time 78,1.7774326706e+22,1.30061698533e+21,9.15825425922e+22,-4.50726211115e+20,31609842.7528,4.69748610056e+17,-2.4775869651e+16,1.13375085921e+23,8.80723174749e+38,2.27128943738e+36
time 79,-2.2468610949e+23,3.20127459047e+22,-1.62880457288e+23,-6.35509425338e+21,225481833.839,-4.00057212623e+18,4.16864444741e+17,1.00557549159e+24,4.17991944265e+40,3.16979669724e+37
time 80,2.52535286153e+24,7.16185823797e+23,5.78090237227e+23,-1.0378556999e+23,2122401118.67,4.19832115588e+19,-5.10416861558e+18,1.08172737626e+25,1.83800147633e+42,5.51005452376e+38
time 81,-3.07288378718e+25,1.79940882257e+25,-1.66970192488e+24,-1.17038375395e+24,20096197883.0,-7.62422116439e+20,4.38209235339e+19,2.08683623763e+26,7.18120473285e+43,3.20529256084e+39
time 82,3.90114911292e+26,4.81932973665e+26,1.5250102921e+24,-1.45961864303e+25,276713098305.0,1.29401778628e+22,-4.83951677742e+20,4.82124565647e+27,3.07906998067e+45,2.15955928923e+40
time 83,-5.31622579013e+27,1.46779850792e+28,5.22579897834e+23,-1.47965018948e+26,3.93488138961e+12,-3.00850003575e+23,2.92922510077e+21,1.40228968327e+29,1.21358543802e+47,-1.49513142807e+41
time 84,8.27762911432e+28,4.7714896532e+29,3.1554981173e+24,-2.00057450225e+27,4.73765697572e+13,6.46937717609e+24,-1.37319404565e+22,3.4991050289e+30,5.16446868043e+48,1.16600418889e+42
time 85,-1.37662971244e+30,1.37779311533e+31,7.88393959319e+24,-4.09178659842e+28,5.82013002143e+14,-1.0299945026e+26,1.17861279987e+23,7.6746610597e+31,2.47533339186e+50,-5.57960663433e+42
time 86,2.46276587405e+31,4.11573509867e+32,7.69946575704e+25,-7.9710661222e+29,5.70851701462e+15,1.6730249912e+27,-2.21769000273e+23,1.44285492713e+33,1.05467816601e+52,6.77541169038e+43
time 87,-4.23757375753e+32,1.09675541129e+34,6.08173101218e+26,-1.43098015065e+31,3.17806871781e+16,-2.79024685989e+28,2.46287119296e+23,3.94157820428e+34,4.34804626323e+53,-1.25921314048e+45
time 88,8.77240416411e+33,3.14679324321e+35,4.60479938027e+27,-1.93495737943e+32,2.15565008886e+17,5.99253983643e+29,-8.03935831827e+23,1.24352448004e+36,1.71744485546e+55,2.19515301316e+46
time 89,-1.82153891012e+35,9.43429215368e+36,3.32094766109e+28,-3.37507405335e+33,2.18727750858e+18,-1.37179375537e+31,7.71906409492e+24,4.80078655513e+37,7.13269073336e+56,-4.48013531861e+47
time 90,3.4154300989e+36,2.55161796369e+38,1.71512506457e+29,-6.79200263929e+34,2.41365989326e+19,2.76677824819e+32,-6.38333107984e+25,1.76568659525e+39,2.95137487198e+58,7.45000655655e+48
time 91,-6.11691912477e+37,6.64189711541e+39,3.53248176996e+29,-1.29515082387e+36,3.91638601278e+20,-5.20920469975e+33,4.12478969257e+26,6.41018877955e+40,1.22588810447e+60,-9.30454997105e+49
time 92,1.29264232984e+39,1.94561605913e+41,1.78701740617e+30,-1.94105903177e+37,7.11089509641e+21,1.28511243628e+35,-2.30460906239e+27,2.8239618062e+42,4.61569272925e+61,2.29578221136e+51
time 93,-2.95519630094e+40,5.40030680686e+42,7.13839686637e+30,-2.68203981046e+38,1.25513873512e+23,-2.9215965352e+36,1.07035836988e+28,9.36291662943e+43,1.67300270805e+63,-3.04425199818e+52
time 94,6.13510391874e+41,1.47384815902e+44,1.3302565348e+31,-3.35968104301e+39,2.62028367253e+24,6.71775996038e+37,-1.35306689601e+29,3.81747774096e+45,6.12102908264e+64,3.84812310422e+53
time 95,-1.17129298155e+43,3.79247735657e+45,1.31611625129e+29,-3.14848797837e+40,5.74354834507e+25,-1.52929020246e+39,2.02318721532e+30,1.80871604208e+47,2.21201890959e+66,-5.46782924278e+54
time 96,2.51796826666e+44,9.29748068577e+46,-3.99309520086e+29,-1.47719199207e+41,1.12995464814e+27,3.21541507836e+40,-3.35628430864e+31,8.569595285e+48,8.53602928733e+67,8.38522789583e+55
time 97,-5.16298947616e+45,2.34958299986e+48,1.42049063343e+30,-7.2141363993e+41,1.9344348273e+28,-6.60624752498e+41,6.13839088647e+32,4.20525275904e+50,3.63693280006e+69,-1.39647077327e+57
time 98,1.19745056727e+47,5.42443888852e+49,-5.09031902703e+30,-1.71646287895e+42,2.66480734206e+29,1.46098688367e+43,-1.2658812081e+34,2.16870083118e+52,1.32383962879e+71,3.57275893578e+58
time 99,-2.26741173692e+48,1.35322151448e+51,2.28085789424e+31,6.73127200676e+41,3.62655685105e+30,-3.29099136837e+44,2.93926820971e+35,1.13962823807e+54,4.98656047162e+72,-9.52033841779e+59
time 100,13.1861049913,-11.4176773057,-22.2816967999,1.3300964001,-4.08223091615,-11.8238701209,10.3252379534,-0.682524803245,-5.21093933727,-8.20549359361
time 101,64.1180813297,-97.5740779618,-178.854443843,9.73189929951,-28.3161357206,23.7050702485,9.05453203976,-8.41793253524,-20.3363397655,50.2068241354
time 102,274.536940871,-1224.7740717,-2443.81664085,16.2748102366,-123.332991563,-56.2898045938,-3.48896937297,-57.3491130642,-110.611285456,-270.984599002
time 103,548.654495926,-17055.9704088,-32481.1269012,83.7798487571,-1010.03718103,320.74569376,14.6728417503,-784.955747709,-589.741309538,3083.98071357
time 104,425.721881154,-243388.191097,-458913.194422,422.787740382,-9326.67684033,-864.008086615,-124.272443792,-7717.53680482,-5291.91551278,-19660.0152701
time 105,443.591665322,-3446613.24536,-6660564.73646,849.802149262,-86897.4887968,4045.59065555,696.432727053,-69402.7570227,-23270.0300033,141586.533992
time 106,-452.674999509,-45297735.8079,-93415248.9565,3837.4939167,-1187755.41404,-13159.9700714,-10001.3905305,-1101784.36035,-196590.676116,-174274.540024
time 107,2361.63124318,-530475725.907,-1367536250.94,1596.06906709,-9995873.45748,63894.7552169,94988.6644312,-15786297.7473,-690081.925748,1003046.51731
time 108,-15588.755519,-9338974810.07,-18339079129.4,-5178.02450105,-156469800.636,-951686.207323,-1476211.76065,-376602125.094,-546368.544758,-7930981.44143
time 109,61103.7963966,-183459779231.0,-162827450269.0,1448.63320333,-3471880242.23,15926994.0645,42180698.3612,-13060585380.2,-2927105.88154,58107451.9511
time 110,-327680.248814,-3.54653213914e+12,-1.73521261287e+12,-4807.53269725,-89917529152.5,-335378741.877,-1073213384.94,-571902873849.0,6645700.79714,-995128824.268
time 111,1098265.60111,-7.66751907124e+13,-1.92117228344e+13,34692.3871089,-2.36675308266e+12,7254856800.78,28784941565.9,-2.84254553335e+13,20212752.9356,16303716449.2
time 112,-1580311.00724,-1.80988862932e+15,-2.55936203277e+14,-282619.945926,-5.39139579533e+13,-146907662986.0,-691623800950.0,-1.21581866883e+15,126283357.313,-243793781332.0
time 113,-1684473.93621,-3.48945618747e+16,-2.42720087659e+15,2493104.01507,-1.02621375442e+15,2.98037539972e+12,1.28636089867e+13,-5.30664818767e+16,-26149137.4193,5.67251364859e+12
time 114,5162660.53486,-6.56235895516e+17,-1.00629539694e+16,-14167799.9055,-1.92603559519e+16,-5.5589076059e+13,-2.61920622336e+14,-2.29755749499e+18,-215646062.442,-1.20089138933e+14
time 115,-5701560.43221,-1.29369671621e+19,-6.38088740955e+16,106579369.9,-3.19071609064e+17,1.01133405525e+15,5.21588274288e+15,-9.26671037262e+19,-1735439632.56,2.16879974356e+15
time 116,7861408.75894,-2.84769623023e+20,-3.91433174153e+17,-593051249.458,-5.48928067913e+18,-1.74701842165e+16,-8.99403758931e+16,-3.27166162721e+21,-23154229802.1,-3.39617325917e+16
time 117,-19861243.5252,-6.63476842175e+21,-3.69965971477e+18,1334682775.07,-8.49475943339e+19,2.94354941946e+17,1.18569659487e+18,-1.20620069557e+23,-382504006320.0,7.65319499555e+17
time 118,19479679.4073,-1.17835936375e+23,-1.65488250019e+19,586499634.758,-1.77639639935e+21,-4.29983413329e+18,-1.93150004686e+19,-5.1218965314e+24,-5.47291792475e+12,-1.17019409415e+19
time 119,-64095329.9045,-2.09281737774e+24,6.55377801708e+18,-3385860726.67,-3.91929344643e+22,7.29638010793e+19,3.53165905691e+20,-2.45964141166e+26,-8.14817323595e+13,2.10731232387e+20
time 120,116444544.882,-4.04231297775e+25,2.78599261352e+18,27117549470.1,-7.9845027172e+23,-1.54382871417e+21,-4.60236734649e+21,-1.19774922096e+28,-8.93453063588e+14,-4.34078169877e+21
time 121,-539269177.237,-9.07985497143e+26,7.97552511539e+18,-212409634539.0,-1.71391663417e+25,3.81971167419e+22,2.8632950063e+22,-5.92748264883e+29,-9.25172813647e+15,1.35586918198e+23
time 122,4138957712.94,-2.02459984762e+28,4.15541864759e+19,2.40575854553e+12,-4.18990135305e+26,-1.10901835259e+24,-2.54447599419e+23,-3.53992762068e+31,-4.37077421352e+16,-4.38077282796e+24
time 123,-196389911.696,-4.60877281296e+29,3.68052315755e+20,-6.99274129795e+12,-9.71267659536e+27,2.88930681908e+25,1.11152134883e+24,-1.8896070149e+33,-1.36505905755e+17,1.46988424251e+26
time 124,-493496739.033,-9.9544657686e+30,2.21569990534e+21,-272833543027.0,-1.99931845532e+29,-7.28115868845e+26,1.20110598404e+24,-1.02225161101e+35,-7.11611612885e+17,-5.65512550343e+27
time 125,667191621.304,-2.03689181611e+32,1.52550858841e+22,1.10542002259e+12,-4.28112238231e+30,1.866314772e+28,6.81527061645e+24,-5.12349737809e+36,1.29661405452e+17,2.09497547125e+29
time 126,-1409301753.51,-4.89863501657e+33,1.03091943709e+23,-7.97491476975e+12,-6.8533239875e+31,-4.98477747514e+29,4.98213786903e+25,-2.53623232202e+38,8.25154995759e+17,-8.83836851352e+30
time 127,5447446745.05,-1.2252742996e+35,3.75927614799e+23,8.07532376417e+13,-1.17431864627e+33,1.48120115042e+31,3.42575369711e+26,-1.36685942855e+40,7.07483448691e+18,3.55738592173e+32
time 128,9243878890.88,-3.08795781678e+36,3.05305993962e+24,-6.30242748017e+14,-2.32991016268e+34,-4.23931604855e+32,2.93207684096e+27,-8.28446877098e+41,5.33794923841e+19,-1.63880878486e+34
time 129,72345381713.2,-7.39952066212e+37,4.09498211426e+25,5.90253250953e+15,-4.98074345595e+35,1.13281604734e+34,2.27201779945e+28,-5.21033865885e+43,4.78989005645e+19,7.89520161468e+35
time 130,187295799215.0,-1.81463882615e+39,6.07993331289e+26,-6.71514978765e+16,-7.68387915024e+36,-2.95451303078e+35,2.60648068262e+29,-3.0346157071e+45,1.80734834109e+20,-4.12720728452e+37
time 131,585590482958.0,-4.63358800549e+40,1.03945524309e+28,7.59519750706e+17,-1.49951396715e+38,7.83593998538e+36,1.46119628791e+30,-1.84340565594e+47,2.88680482831e+20,2.06562858676e+39
time 132,3.66991243542e+12,-1.33254122547e+42,1.95662717636e+29,-8.7641855037e+18,-3.39913645358e+39,-2.38919710123e+38,4.58443979617e+30,-1.26743567369e+49,2.80631380809e+20,-1.16278460618e+41
time 133,1.83045494465e+13,-3.4430806549e+43,2.95645207452e+30,9.72164824901e+19,-8.06600671192e+40,6.45720923082e+39,1.44804512253e+31,-8.52673136639e+50,1.20131221356e+21,5.49262227531e+42
time 134,2.10249400533e+14,-8.24962594158e+44,2.90249080993e+31,-6.13264581698e+20,-2.09901141563e+42,-1.46220776016e+41,7.37734696095e+31,-5.0779378448e+52,8.88470978533e+21,-2.21273258885e+44
time 135,3.02370867476e+15,-2.24877404735e+46,3.56295881072e+32,4.60518886836e+21,-5.58443227249e+43,3.74792706946e+42,3.46936279026e+32,-3.16970907047e+54,5.59984552221e+22,9.47886671106e+45
time 136,4.57278790335e+16,-6.07075338788e+47,3.44996519306e+33,-1.90212828465e+22,-1.7486804209e+45,-1.02855888129e+44,5.38102912318e+32,-2.26217323008e+56,4.22286426326e+23,-3.86521405275e+47
time 137,6.2323256685e+17,-1.81418076799e+49,3.85303727602e+34,1.45737970125e+23,-5.4211113174e+46,2.92197088614e+45,-2.5637160242e+33,-1.69659442042e+58,4.76667072823e+24,1.62510282884e+49
time 138,8.80662753403e+18,-5.06791341892e+50,2.86186753848e+35,-1.72987187009e+24,-1.45433352342e+48,-8.32112369546e+46,1.2365233745e+33,-1.21194829721e+60,4.66676751257e+25,-6.50472565056e+50
time 139,1.44527395232e+20,-1.40071394474e+52,8.80836359821e+35,2.19787506156e+25,-3.83186945471e+49,2.04107635711e+48,-8.06438930614e+33,-8.43091411305e+61,7.94327961584e+26,2.22403417298e+52
time 140,2.51605489392e+21,-4.16321877559e+53,2.62452433202e+36,-4.32153865823e+26,-1.05753935826e+51,-6.09384914511e+49,9.86882251746e+34,-6.83272492833e+63,9.93709868496e+27,-9.95797076849e+53
time 141,4.01717000656e+22,-1.25521453142e+55,1.08108964204e+37,9.15448513647e+27,-2.78307418588e+52,2.01461030306e+51,-7.91774574395e+35,-5.49087427235e+65,6.73225416118e+28,4.97365821624e+55
time 142,6.38208876103e+23,-3.51217834935e+56,3.87726799018e+37,-1.81005458723e+29,-8.35396169705e+53,-6.66266449249e+52,7.43238970096e+36,-4.65715766571e+67,2.22700905065e+29,-2.5565571745e+57
time 143,9.09644214366e+24,-9.63899029568e+57,6.54268706737e+37,3.988268257e+30,-2.53940602674e+55,2.31427594254e+54,-5.87107567932e+37,-4.03324456085e+69,3.63144301757e+29,1.33288337244e+59
time 144,1.48657443598e+26,-2.01169856579e+59,-5.45780005047e+38,-8.86692792347e+31,-6.69066037202e+56,-7.25784309733e+55,2.29395378224e+38,-3.25278680967e+71,2.23257992155e+29,-6.11983412653e+60
time 145,2.77308294103e+27,-3.19556740737e+60,4.56691164092e+39,2.08090609392e+33,-1.76745631888e+58,1.99510153543e+57,-9.81929008881e+38,-2.68247882962e+73,-8.61308057802e+29,2.58955723995e+62
time 146,4.83141959112e+28,-5.03351835139e+61,-4.33700884393e+40,-6.00766778549e+34,-5.37273984543e+59,-4.86287874285e+58,4.21289067747e+39,-2.09302119216e+75,9.45080830496e+29,-9.47101739013e+63
time 147,9.11450108857e+29,-8.16265371713e+62,6.2654824627e+41,1.73945412491e+36,-1.68352333554e+61,1.42327575185e+60,-6.96695149305e+39,-1.62147601308e+77,-4.01921575284e+30,3.12485256017e+65
time 148,1.88464083354e+31,-1.05950742941e+64,-1.13337460949e+43,-4.58785061104e+37,-4.81445271798e+62,-4.13537882596e+61,-4.26219304572e+40,-1.14428520474e+79,2.86725524212e+31,-7.84464958791e+66
time 149,3.63777351512e+32,-9.93596054181e+64,2.01726224746e+44,1.27692296099e+39,-1.25163252383e+64,1.14556980169e+63,-4.29777243021e+41,-7.46870816051e+80,-3.99163932105e+32,1.98598677279e+68
time 150,1.73236929355,4.2065234223,27.4196980993,-1.37236347879,111.721047416,-0.358187631666,-1.09433336463,135.507419576,3.77992186787,-7.51939051594
time 151,16.8285366936,1.45720839482,-236.912308672,-2.45676909324,1459.90929638,0.337867315234,0.363603617543,1987.02200441,-15.6478626023,19.3865114802
time 152,202.600919295,3.5217026363,995.947273387,5.58722718855,21698.5694369,-2.21977965993,6.06702243732,32668.8265253,165.762795779,-179.393942634
time 153,2959.8340212,6.25402720989,-5142.34038695,29.3759910772,290906.682976,7.19941386363,22.2869597414,476036.894559,-1950.61688324,1304.91508877
time 154,29682.7304874,5.69086611977,12623.2898632,223.227558764,3447449.43921,-12.8884330802,123.77353146,3331122.53361,16696.7224238,-9010.29188559
time 155,331619.044195,4.20424531404,-43531.3515192,943.077316855,28821026.1713,61.9392452413,956.244637037,27967606.0424,-228014.267169,130126.551861
time 156,2336476.47236,-3.25588352238,149365.927299,5286.64246513,246904702.811,-505.325711057,9307.90111177,436724726.316,4447246.16478,-2647126.37769
time 157,16497772.4297,9.03189240863,-379215.179793,5355.1533643,1451132417.99,3071.59641687,60026.2754162,9107677257.39,-78710089.2118,64467027.3526
time 158,112268991.811,14.7480225713,-1456876.92771,-3771.36407841,9734375269.13,-24837.2389864,386436.014417,237358101411.0,1490617439.02,-1993584558.13
time 159,940820175.203,34.5637231837,1377368.30812,-10154.4999022,126073757899.0,229530.604457,986546.715632,7.52378840272e+12,-22466902090.6,58835993591.7
time 160,9971047049.31,-14.9885470079,-5091138.2827,-60978.6337017,2.07012451514e+12,-1487668.13458,-1017892.7799,2.24174992782e+14,332505569076.0,-1.27139546185e+12
time 161,98676595284.2,49.4124714051,7828913.49929,-159673.061304,1.92394053141e+13,9290142.6501,-6467978.1745,7.28415738057e+15,-6.49463329234e+12,4.13089592875e+13
time 162,954539870430.0,97.5641371316,-15966568.358,-202503.27096,1.50085063278e+14,-141970060.092,-50610526.8841,3.18305380333e+17,1.33101406052e+14,-1.92651543274e+15
time 163,1.30378316939e+13,-86.6051479571,95434710.9581,-282523.789408,8.54348741974e+14,2500681255.11,-654436786.459,1.47299636789e+19,-3.63285528392e+15,1.02585640541e+17
time 164,1.95342741432e+14,-171.172925341,-114359956.84,772602.035722,2.12483751458e+15,-47125111294.6,-7964850121.68,7.64744936036e+20,9.93772513359e+16,-6.51863316045e+18
time 165,3.07402148416e+15,-578.107377976,-635576491.554,-5007735.54339,5.22748436279e+15,1.09637396075e+12,-131343982790.0,4.28982134794e+22,-3.65103278718e+18,4.32112903415e+20
time 166,6.69175007138e+16,-1241.25402577,-5558474771.85,-10369795.651,9.79886292344e+15,-1.87381915527e+13,-2.25637403474e+12,2.28478448696e+24,1.23467133089e+20,-2.92900014063e+22
time 167,1.60588959515e+18,2063.11287489,-15739409374.3,-62507736.8027,3.37300337891e+16,2.21211205113e+14,-3.15373950194e+13,1.12057174608e+26,-3.75230214225e+21,1.771409956e+24
time 168,3.443355705e+19,-11578.7243212,-18226756327.9,-179396577.569,5.75882777105e+16,-2.76039987561e+15,-5.62505150563e+14,5.14688937356e+27,1.38842604413e+23,-1.02134341024e+26
time 169,6.27236268029e+20,41685.8680371,-86300302525.5,-797249014.239,1.24841816123e+16,3.12651383337e+16,-6.59845600974e+15,2.23906192482e+29,-4.74084020108e+24,5.87716223961e+27
time 170,1.31940022761e+22,-136098.630555,-125783966364.0,-8693655135.86,4.10114084431e+16,-2.33469228867e+17,-5.00870846928e+16,8.80464956609e+30,1.28031315641e+26,-3.10667211396e+29
time 171,2.77312342647e+23,220313.778606,366571894791.0,-54306117162.4,1.70642865291e+17,2.95962499383e+18,-4.87009596997e+17,3.65105318339e+32,-3.76241127315e+27,1.71735074628e+31
time 172,5.17384384636e+24,-1324370.91851,-1.26485870543e+12,-403552463859.0,4.91811179107e+17,-4.39943838814e+19,-7.24786652911e+18,1.72627421957e+34,1.42042755128e+29,-1.04359629013e+33
time 173,9.01429002692e+25,5332904.92356,-4.0384667577e+12,-1.27678094487e+12,-2.22533387581e+17,5.82686916796e+20,-1.58832067435e+20,7.6746665118e+35,-5.21239801691e+30,6.73565673859e+34
time 174,1.85262203694e+27,-22961551.1826,-3.31769274602e+13,-1.00905129545e+13,7.91832045495e+16,-4.87342997559e+21,-3.86898020669e+21,3.19307513012e+37,1.82862458496e+32,-4.50821867084e+36
time 175,3.8436289264e+28,89959091.3283,-2.78239093754e+14,-3.72640428673e+13,3.92515643613e+16,4.04597724868e+22,-9.07666216683e+22,1.24618982417e+39,-6.78176242288e+33,2.9338739732e+38
time 176,8.88639293798e+29,-636104556.431,-1.90979503353e+15,-1.17067892301e+14,-3.1675520251e+16,-2.30183201092e+23,-2.14271959218e+24,5.14247536895e+40,2.44293048968e+35,-1.77668700579e+40
time 177,2.22469165598e+31,3703800028.02,-8.66593703795e+15,2.24507492559e+14,-1.1040231937e+17,2.66731658867e+24,-5.61445657131e+25,2.446105506e+42,-1.05782118233e+37,1.21792077595e+42
time 178,5.74269507574e+32,-833970009.569,-9.36516079701e+16,-1.62237456807e+15,-8.19581585574e+17,-4.00159566944e+25,-1.10945295917e+27,1.4547380531e+44,4.41081921192e+38,-9.24015895038e+43
time 179,1.51760129326e+34,2924484628.67,-5.3460371202e+17,1.19974854243e+15,-6.66629384157e+18,5.68027328002e+26,-2.18231685104e+28,8.59694405505e+45,-1.84067114141e+40,6.69393566351e+45
time 180,4.49418362666e+35,3072763273.81,-5.39773647034e+18,4.29280621305e+14,-7.4945706115e+19,-8.91645130982e+27,-3.31485359758e+29,5.58691130634e+47,7.1690372354e+41,-5.07470790639e+47
time 181,1.23504720499e+37,2333403762.59,-7.52955733307e+19,-1.30269180469e+15,-5.00715602664e+20,1.20063294254e+29,-7.35081823895e+30,3.11378888024e+49,-2.74853330773e+43,3.6145142962e+49
time 182,3.47254369444e+38,6113510758.43,-1.16832784404e+21,1.04206484119e+16,-2.64912726963e+21,-1.84931419046e+30,-1.75592729629e+32,1.76235566315e+51,1.08666290007e+45,-2.59982589063e+51
time 183,7.64470319634e+39,8542144099.52,-2.2346415157e+22,-8.36765437608e+16,-2.77519244727e+20,2.4438502658e+31,-5.3222993942e+33,9.60761900062e+52,-4.00172458792e+46,1.90794297392e+53
time 184,1.90064513445e+41,35158848911.6,-4.33286746504e+23,6.7009555811e+17,-1.60886841194e+20,-3.55030751479e+32,-1.74855802129e+35,5.05372574855e+54,1.42148546343e+48,-1.39376954469e+55
time 185,5.36058113512e+42,127627056039.0,-8.34136229085e+24,-1.14831551515e+19,-3.744858839e+20,6.10980579044e+33,-5.54865652019e+36,3.04668740697e+56,-6.0145798254e+49,1.07840732486e+57
time 186,1.62781745418e+44,253975784440.0,-9.70845065114e+25,1.6447605147e+20,-1.36439511095e+21,-8.50403535718e+34,-1.43322864089e+38,1.96924667448e+58,2.01587427383e+51,-8.28894839998e+58
time 187,4.61768257879e+45,397881296315.0,-1.7802895985e+27,-2.8872744341e+21,-9.62734780206e+20,1.17050166458e+36,-5.19762751707e+39,1.17019130557e+60,-7.96507528287e+52,6.73999924707e+60
time 188,1.09929664873e+47,1.59336373833e+12,-2.8304746104e+28,7.23385551399e+22,2.04931850816e+21,-2.21800535782e+37,-1.62179712433e+41,7.34296427691e+61,3.17326338408e+54,-5.73286653933e+62
time 189,2.23730513482e+48,6.3023966187e+12,-4.4870589142e+29,-1.61559740117e+24,-1.99756545595e+22,4.06768897136e+38,-6.00364602277e+42,4.08403306574e+63,-1.16378739933e+56,4.84095803488e+64
time 190,4.85824365328e+49,-5.43271940937e+12,-5.40780942695e+30,4.82133876798e+25,1.79175394333e+23,-7.58352230967e+39,-2.32607992561e+44,2.44876723642e+65,5.14390471749e+57,-4.01281733191e+66
time 191,1.04809528426e+51,1.69974716947e+13,-1.8241975337e+31,-1.24282919081e+27,-1.09752152835e+24,1.18021757104e+41,-9.14682327841e+45,1.36917051865e+67,-1.95583733799e+59,3.16548790902e+68
time 192,2.6199366122e+52,1.44807527361e+13,-1.52305338253e+32,3.11743860878e+28,1.11668188632e+25,-1.53115103815e+42,-3.28201504669e+47,7.18010054471e+68,6.09471153595e+60,-2.38588437679e+70
time 193,7.12031509026e+53,-4.62218836938e+13,-8.26501316661e+32,-8.06527920075e+29,-6.04302889135e+25,1.60589471798e+43,-1.18412051382e+49,3.91815799526e+70,-2.07582565815e+62,1.63880317171e+72
time 194,1.93660239636e+55,2.51259179531e+14,-4.17645026184e+33,1.67951505537e+31,4.62986882836e+26,-8.53776918175e+43,-4.6439346474e+50,1.71841349929e+72,6.33141066366e+63,-9.70738919576e+73
time 195,5.36719115656e+56,-2.35577753132e+15,-1.84898857395e+34,-3.39521649126e+32,-2.64551802977e+27,2.56634927854e+44,-1.76571098808e+52,7.82180513196e+73,-2.20899407581e+65,5.57704311577e+75
time 196,1.66894981585e+58,3.10689753968e+16,7.56478391664e+34,5.00170946627e+33,1.74750368601e+28,5.26169681562e+44,-5.68108265704e+53,3.13448089051e+75,6.4382868466e+66,-2.60499045793e+77
time 197,4.40007542611e+59,-1.93937776841e+17,1.81489167408e+35,-1.00122402066e+35,-1.8487108994e+29,-1.40638448182e+45,-1.83695103919e+55,1.35493797259e+77,-1.68058396497e+68,1.57571454604e+79
time 198,1.18449071319e+61,1.2201912001e+18,4.92720143196e+34,1.7679700251e+36,1.37275100996e+30,6.35602720725e+45,-6.4010850214e+56,6.82934841441e+78,4.04710116476e+69,-9.6287646237e+80
time 199,3.07466530238e+62,-1.15323061121e+19,-2.05460194328e+35,-3.53018615082e+37,-1.56648225034e+31,-3.52717190549e+46,-2.64456643083e+58,3.07030058951e+80,-1.16477701793e+71,5.94230253698e+82
time 200,10.8522643989,11.0164492809,5.51587201762,-5.63509019758,-16.5237226697,51.7756210611,14.180772789,-0.429464866077,2.9278773225,66.1420841567
time 201,66.7383139635,-68.633524457,7.73304688007,16.5184358066,105.748185557,712.672835523,132.373477292,5.08459315273,5.21299724288,1024.52408197
time 202,75.6074502418,319.721045405,39.9653187034,-28.0519547287,-556.490808115,11984.3764661,128.162594049,-83.5456171051,31.9522952699,19471.5353382
time 203,-146.67539544,100.438870643,222.241121666,23.3167844771,1923.8892718,144546.080715,-348.314455778,1408.81158791,264.876561042,390789.617573
time 204,247.757206031,-19.86338754,364.255062335,3.51615826571,-716.87843472,1571659.07974,2496.09629308,-12376.5724521,2560.33361931,5590916.65147
time 205,-1172.1161018,-0.781457622345,705.206094358,8.41410856122,2173.13191334,17450972.735,-22595.4089974,70956.9994618,31855.7692581,52619474.2316
time 206,8203.73363681,0.508814324757,2347.44696038,75.9946429269,1276.02134981,310300219.218,362236.453634,-970046.446857,641777.874239,893256267.477
time 207,-88737.8981739,4.93004391954,1398.97852156,685.829265898,1263.66802225,5115293578.55,-7368906.05799,13699017.6839,17905941.0182,20288170868.3
time 208,1008007.33441,15.6720435236,1274.16974028,6457.36667199,-1406.33895021,61130903868.2,108240515.793,-190655668.341,388449473.578,344987219206.0
time 209,-13716220.3482,97.9857027264,7137.9661573,59384.7229345,6533.606078,585772665357.0,-1027916609.72,3155375263.79,7916154492.45,2.588725666e+12
time 210,157363129.472,540.724756387,-287.25612022,405655.855644,12.0331295144,3.79169923494e+12,11544253787.5,-19895290379.8,148663781899.0,1.15813486927e+13
time 211,-1735948981.1,2243.08718684,473.620202567,4261907.34476,-28.1531839291,3.87507379395e+13,-161340856727.0,194090340579.0,3.71480063243e+12,1.02889446455e+14
time 212,13030763795.2,3545.12615288,-2502.72483763,43501512.3159,121.317513937,5.3753803668e+14,1.8302488231e+12,-3.03362994809e+12,9.7240775071e+13,1.19420060637e+15
time 213,-105082409834.0,20478.674385,-4880.20811513,170609826.818,-840.094931521,4.16170173407e+15,-1.20015296354e+13,4.22941836461e+13,1.81467737341e+15,4.01992648037e+15
time 214,760861390893.0,-72367.0088229,14851.2841347,1513602762.65,5297.22934955,5.72199254197e+16,-3.00270841706e+12,-8.14205342693e+14,2.33006702485e+16,2.76107067532e+16
time 215,-5.35953535219e+12,62422.7585573,-74148.4074307,15434440799.3,-36574.8639117,6.41428933341e+17,-3.2468160103e+12,1.20802787672e+16,4.34156075944e+17,8.26403415335e+16
time 216,7.1481737766e+13,161432.091675,-292333.552554,163741240034.0,320001.938817,7.08738290066e+18,-7.96837352402e+12,-2.34747604216e+17,8.23588252485e+18,-2.09862197255e+17
time 217,-9.06256372443e+14,-194791.859011,821835.769054,822715235740.0,-2564602.48727,5.30516888678e+19,-6.0772905116e+13,4.44065106609e+18,7.86667145877e+19,7.54553536782e+17
time 218,1.11319858247e+16,-561107.358248,4612899.82075,5.41844655713e+12,19662698.7334,3.61149058802e+20,-9.1430673383e+14,-9.97721816403e+19,7.54196422668e+20,-4.83326342731e+18
time 219,-1.5038161142e+17,5389.36198641,13306848.6727,6.47422369613e+13,-181052334.689,4.39693102326e+21,-1.69317352688e+16,3.33752413394e+21,1.05642867037e+22,-1.54124784661e+18
time 220,2.05879813333e+18,18979.8500931,71434496.9163,6.41717334104e+14,1460704458.81,6.02414737763e+22,-2.53689459613e+17,-1.08003279689e+23,2.22968383408e+23,-2.81342153085e+18
time 221,-2.97363010147e+19,57701.6242295,489758206.245,4.43104745931e+15,-12565033059.8,6.40263699881e+23,-3.24599595876e+18,3.04185632019e+24,3.03572294735e+24,1.36162755971e+19
time 222,5.24465229776e+20,-179753.790041,1951917582.41,2.91638475788e+16,192187424184.0,1.09341585494e+25,-4.71541904374e+19,-1.00652571025e+26,4.83504870926e+25,-3.10122896993e+19
time 223,-1.04927202547e+22,876424.14212,2719504397.51,5.64652816909e+16,-1.86812590521e+12,1.59320248859e+26,-7.19382249256e+20,2.69072921918e+27,5.54094798669e+26,-1.17695331662e+19
time 224,2.50258053042e+23,-4711071.10284,11534979458.1,2.43945767579e+17,2.10135639965e+13,2.44023619857e+27,-1.14599543652e+22,-7.73113157845e+28,6.3913533373e+27,-1.81635711017e+19
time 225,-5.25331256839e+24,11828800.8006,73195368447.8,7.14000029071e+17,-2.25549943333e+14,3.39771724414e+28,-1.35180592325e+23,1.64893812952e+30,8.52045517658e+28,7.23811074668e+19
time 226,8.44605783638e+25,-19576719.9181,322618611790.0,-5.81216780835e+17,2.63925032882e+15,3.98710322268e+29,-2.70517594648e+24,-3.61573787275e+31,8.51688393548e+29,-5.85842419948e+20
time 227,-1.77855634525e+27,30276559.908,1.53084539141e+12,1.35018335765e+18,-4.27768619909e+16,3.23443363941e+30,-6.68974262803e+25,8.25185032986e+32,4.42820514646e+30,1.05696010782e+22
time 228,4.44903098678e+28,-107767116.32,5.54486175335e+12,-6.6863139172e+17,5.35921190285e+17,2.52013126543e+31,-1.31846709695e+27,-1.91432334174e+34,6.31623938837e+30,-1.7199691183e+23
time 229,-1.06332877686e+30,487655946.175,2.46307366605e+13,1.08777963507e+18,-7.2019225594e+18,2.4397178909e+32,-3.15395566021e+28,4.69772541886e+35,4.33107301281e+30,2.56236387738e+24
time 230,2.61324613687e+31,-2421595626.46,1.2521669218e+14,-8.90558310728e+18,7.1533908135e+19,1.31882324505e+33,-8.54548082655e+29,-9.99012070351e+36,-3.43148954151e+31,-3.20109101036e+25
time 231,-6.48026845188e+32,9463692235.3,2.75895859714e+14,1.05135437324e+20,-5.22124849871e+20,7.32139882499e+33,-1.62748611727e+31,1.92837718967e+38,1.5139184256e+32,2.54833259886e+26
time 232,1.57382131411e+34,-81138072614.0,-4.34889867473e+14,-1.63849754613e+21,6.4097299113e+21,5.09563489388e+34,-4.67355212865e+32,-5.49693695433e+39,-1.51521116718e+33,-5.90017413819e+26
time 233,-3.78177388071e+35,527210266467.0,5.90200647091e+14,2.28267862077e+22,-7.72954535738e+22,5.05654449389e+35,-1.40297790566e+34,1.91674065623e+41,5.40044160627e+33,1.74084243204e+27
time 234,9.54513301633e+36,-2.3370237609e+12,7.37632881538e+14,-2.74979393549e+23,4.12319055401e+23,3.76684759451e+36,-3.10408864184e+35,-5.05069364038e+42,-1.74664178202e+34,4.48872637486e+27
time 235,-2.77936265614e+38,9.35971274083e+12,3.95857759234e+15,2.37107217909e+24,-2.66745475404e+24,3.77060177582e+37,-1.00206466966e+37,1.80393447724e+44,2.36248178892e+33,3.76247524317e+28
time 236,8.12957351692e+39,-6.20656970379e+13,1.75804715533e+16,-1.60248173606e+25,1.04428192542e+25,3.73990709383e+38,-3.28587562228e+38,-5.24130617843e+45,-6.82469468797e+33,2.44249553235e+29
time 237,-2.06472460898e+41,7.51031069436e+14,-4.48835551317e+16,1.04328950137e+25,-3.03574125561e+25,4.57782374917e+39,-1.03248109439e+40,1.20794215493e+47,2.23150671288e+34,1.78797331803e+30
time 238,5.13220579059e+42,-1.05488314043e+16,3.85295432831e+16,6.86491202405e+25,5.56359030229e+25,5.77257041405e+40,-4.27777994579e+41,-2.93413234255e+48,-1.61115841636e+35,8.26940725148e+30
time 239,-1.58797274969e+44,1.33694635054e+17,7.95766611918e+16,4.36445531089e+26,-1.59058125294e+26,6.05182411042e+41,-1.76137320887e+43,5.11869911728e+49,8.04815689947e+35,3.06970059395e+30
time 240,4.51355100719e+45,-1.85786866499e+18,1.30898750559e+17,3.11746288387e+27,3.36150365226e+26,7.19916832462e+42,-7.30162823761e+44,-5.27347676932e+50,-2.7786357909e+36,-1.16488754766e+31
time 241,-1.45538512676e+47,1.65738783703e+19,1.12141165225e+18,5.9764268728e+27,-1.11289971383e+27,5.33439766499e+43,-3.0300992246e+46,5.56077516141e+51,1.60436003475e+37,1.14857428731e+32
time 242,4.84787741287e+48,-1.91589021151e+20,6.85095728791e+18,3.69172122229e+28,1.82904336562e+27,5.38767129868e+44,-1.23925665258e+48,-6.30012734108e+52,-5.91350933511e+37,-9.09850509322e+32
time 243,-1.52355282163e+50,2.2879063925e+21,2.54077627629e+19,1.83682135501e+29,3.14740008178e+27,3.81632759395e+45,-4.8442716397e+49,3.87979341893e+53,4.44009201234e+38,6.81353268462e+33
time 244,4.81658102002e+51,-2.74876458689e+22,8.76613442678e+19,5.32074742814e+29,4.07875537099e+27,1.82129517101e+46,-2.09059398048e+51,-3.91809600565e+54,-5.25235113729e+39,-2.44607892913e+34
time 245,-1.51137415959e+53,3.46513703871e+23,-8.03750810354e+19,3.06263435895e+30,9.20445777501e+27,4.62570570142e+46,-8.47449476957e+52,6.92423946406e+54,5.45706344119e+40,2.5415865392e+35
time 246,4.52303674513e+54,-4.33993029185e+24,2.75108400714e+20,2.48443122567e+31,4.24739161179e+28,1.08193861513e+47,-3.49075821782e+54,-2.01593296373e+55,-5.43837260105e+41,-1.92100109738e+36
time 247,-1.29755950029e+56,5.94583996798e+25,-1.82771499624e+21,1.21167293204e+32,3.19752779011e+29,-2.4976926282e+47,-1.56774683292e+56,-3.14962873981e+54,1.04782163695e+43,1.93848088974e+37
time 248,3.97379392531e+57,-7.49093152794e+26,9.0675052313e+21,5.93066622892e+32,6.70781021401e+29,-1.4650011578e+46,-8.09694482027e+57,3.09505825616e+55,-1.44297574027e+44,-1.63110994414e+38
time 249,-1.22021608289e+59,1.05407507393e+28,-5.03533430963e+22,2.81915838931e+33,1.43826293305e+30,3.49734586701e+45,-4.60979544805e+59,-3.93463301333e+56,2.54870095382e+45,1.13970584832e+39
time 250,-3.10000635988,0.162742027345,12.7532831164,26.0687655729,1.57863212858,33.41102893,5.3952992246,1.13342063005,45.1628417656,4.20943877762
time 251,12.4840730447,-5.46744743007,51.7657220187,139.624601778,-4.40088220986,253.848408399,-20.8583802799,-2.58412903253,642.178011862,9.13984586783
time 252,-69.1174431055,-12.1209187745,263.209489807,245.454712975,5.43894578483,1120.78847502,170.525319852,-10.4579640745,5271.0130767,23.2597762808
time 253,431.853868204,-79.988384815,2211.14735968,-459.266505516,9.83474852537,4823.20563013,-2173.62294657,-41.4933184819,57904.4215931,74.2225258828
time 254,-1343.82913192,-374.140245019,18749.0557548,1189.64297054,-13.243345591,37123.0132747,38649.8683255,-72.790560809,605671.011235,427.121628776
time 255,525.46313827,-1530.63840015,82738.9344681,642.04902442,15.8356329962,388597.141532,-619559.483447,160.010503251,9506763.72003,4026.87815443
time 256,-1341.24426439,-3995.75976405,349661.370268,-4096.56843266,-104.544093304,3446271.82929,7376861.14102,-725.606546831,98371714.6736,20811.0174687
time 257,3343.65731859,-4427.67212316,312947.340926,13568.7878037,461.955258284,36747449.3959,-75700386.1334,4124.18077264,1259743512.77,180409.968532
time 258,-7319.6077256,-7856.08820497,-627267.81205,-81631.8317167,-3428.61161704,273774463.829,736188343.842,-21803.5254313,13242166814.6,660741.540874
time 259,8657.79745642,-33501.0052245,654832.051395,1086363.28158,31466.7741647,1348648309.84,-5548360642.36,64684.9003771,108667071062.0,-2701069.49446
time 260,8099.59874046,-75983.8777861,-2368893.23227,-12841971.7716,-175685.25424,9334045046.1,48177259905.0,-9583.45662045,953579743601.0,8939068.66589
time 261,-9466.83780921,-97374.9112804,5342037.10713,199526065.477,1536605.57256,49628066550.6,-307299936131.0,21758.1743,3.88338763916e+12,-33336147.3058
time 262,-86.3949430245,2105.78118481,-6025355.52425,-2768163257.91,-14629378.4723,259197976678.0,183398675326.0,-93725.1591916,75296288978.7,226620652.407
time 263,-74.2578714215,-93.6975040784,3300172.31145,44702831127.2,201486499.055,1.04899307665e+12,-81661225024.1,-88229.4953803,-41442276294.6,-3000765098.15
time 264,-311.658256535,143.499419396,-5671693.3475,-649397396610.0,-3109355319.04,1.06834505119e+13,-49316893533.2,272238.943452,-264132694971.0,32922619890.3
time 265,-1754.18097286,-563.598730019,3737466.11128,1.3124647066e+13,56353496442.5,1.42932790772e+14,-153896302929.0,-1174917.85103,-1.24873721445e+12,-507495220194.0
time 266,-10361.357971,2256.79625367,9437939.3164,-2.54467506413e+14,-1.13306169925e+12,2.41174471209e+15,-634490710703.0,10481413.9009,-6.83036564579e+12,8.93199690706e+12
time 267,-37190.8569912,-17528.1876669,14687882.2807,2.95818952175e+15,2.06520622551e+13,5.49569230978e+16,-1.77548394617e+12,-167181759.521,-6.37898908317e+13,-6.19372205607e+13
time 268,-291141.321239,92671.2209099,97892026.2743,-1.78412887316e+16,-3.06303184612e+14,1.28012768233e+18,-5.8113188911e+12,1721115118.39,-7.17261334797e+14,8.73693850756e+14
time 269,-2145301.2545,-604529.406703,343761820.846,6.69770985931e+16,5.59808726862e+15,3.39328078628e+19,-1.48365127022e+13,-24019495266.4,-1.22976869604e+16,-9.93597454566e+15
time 270,-3150884.02053,4789624.24514,611467770.37,1.81334727137e+17,-8.956484276e+16,9.81840852526e+20,5.80495950747e+13,455599393452.0,-2.58644946924e+17,2.8269997023e+16
time 271,-519017.477718,-49860256.9839,-758370188.154,1.63013376454e+18,1.13480714761e+18,3.03252118957e+22,-3.9148115475e+14,-7.40150985857e+12,-6.17257146725e+18,2.64000525152e+16
time 272,-295666.935957,578266375.842,1596930809.38,2.25245067256e+19,-1.3651517857e+19,1.01597159959e+24,2.82971103584e+15,1.33142448685e+14,-1.59889326942e+20,-2.44506217758e+16
time 273,-515973.798205,-8697020646.26,-9991029373.34,3.25115974854e+20,1.83774472012e+20,3.1691680539e+25,-1.17535321391e+16,-1.49428201222e+15,-3.15614018614e+21,2.46268295886e+17
time 274,324818.375325,155761750468.0,98832831228.9,5.48613064915e+21,-3.25364832801e+21,1.0587658982e+27,2.16048507106e+15,2.38133622848e+16,-7.14980544585e+22,-2.28323945664e+18
time 275,-25581.7880789,-3.49941180346e+12,-1.77190863021e+12,1.39141921261e+23,6.22301477952e+22,3.9369070316e+28,-6.23852161511e+15,-3.94498704221e+17,-1.93558272523e+24,1.41842516038e+19
time 276,-51157.3578334,7.80912303179e+13,2.51510997897e+13,3.4116929125e+24,-1.1841809741e+24,1.41573360683e+30,1.56596219965e+16,4.92519752621e+18,-4.25927264122e+25,-1.39861247226e+20
time 277,109985.253375,-1.66748134292e+15,-3.2327724985e+14,7.53585226105e+25,2.14361004112e+25,5.18094004137e+31,-1.26972208652e+17,-7.65071497458e+19,-1.06106041887e+27,1.51079849127e+20
time 278,-63910.4061796,4.31498382053e+16,3.12512450304e+15,1.69151766614e+27,-3.79610089559e+26,2.12945967245e+33,5.41637892601e+17,1.02013659366e+21,-2.26479554839e+28,-1.87026072602e+20
time 279,-11550.2154901,-9.71861683358e+17,-2.36111204976e+16,3.11356365843e+28,6.42672775227e+27,8.61933962954e+34,-2.7806533505e+18,-1.59760934882e+22,-5.3379939215e+29,4.88430430362e+20
time 280,-2137.89441791,2.14837698446e+19,1.85911228054e+17,3.97210064865e+29,-1.18192244407e+29,3.40159838666e+36,2.37335324602e+19,2.21186556095e+23,-1.22812321527e+31,1.81289618899e+20
time 281,-1076.83089275,-4.35735308269e+20,-1.04729827407e+18,5.4091506374e+30,2.38191669615e+30,1.23525404386e+38,-1.53599036108e+20,-1.40426672534e+24,-2.78055318786e+32,-1.6419624146e+21
time 282,-4377.48336503,9.69365220064e+21,5.45214927008e+18,1.04239159474e+32,-4.95394169401e+31,5.17624996552e+39,1.92710610515e+21,1.0557363016e+25,-7.61194626149e+33,5.38449728893e+21
time 283,-22275.0945192,-1.77013807398e+23,-4.01200422696e+19,1.67931328167e+33,1.0056578654e+33,1.7891837191e+41,-1.90778684078e+22,-7.76098344244e+25,-1.867313253e+35,-1.67288869917e+22
time 284,-198144.196052,3.23273033537e+24,3.34105163995e+20,2.96683648809e+34,-2.05027511872e+34,6.4739121392e+42,2.22860580822e+23,6.92102286244e+26,-4.96191375508e+36,-2.06651520349e+22
time 285,-1476073.408,-6.39766311187e+25,-2.7080631192e+21,6.66080895628e+35,3.39077343738e+35,2.54399533358e+44,-2.53619226122e+24,-6.89069717243e+27,-1.40684736198e+38,-1.36729452013e+23
time 286,-9353991.13507,1.08471591083e+27,8.04506999576e+21,1.38606942438e+37,-7.08456459021e+36,1.02146734493e+46,3.50823660021e+25,1.01074416861e+29,-4.35986903256e+39,-7.62786987936e+23
time 287,-70991256.5799,-2.069957466e+28,-2.02282486048e+22,2.93959484421e+38,1.64490661327e+38,4.13117895403e+47,-3.81864903098e+26,-1.83518257182e+30,-1.10213419608e+41,-3.16294915593e+24
time 288,-564884627.633,4.12366772332e+29,2.67046520288e+22,5.98345750059e+39,-4.15315189993e+39,1.65914979686e+49,4.43539529192e+27,2.53924944146e+31,-2.56542090988e+42,5.82982962572e+24
time 289,-7354152122.53,-6.3074632684e+30,-3.99517695571e+22,1.53627332349e+41,1.00523397253e+41,6.82776080699e+50,-8.49204742076e+28,-1.31939508006e+32,-9.14125591111e+43,-1.84804377325e+25
time 290,-44592556709.7,8.39493637043e+31,-1.88227148314e+23,3.8097828314e+42,-3.0190758407e+42,2.71828567223e+52,1.51226289138e+30,1.92457462465e+32,-3.42737624993e+45,2.04972282587e+26
time 291,-132924806842.0,-1.19573387613e+33,-1.02407537018e+24,1.15976067545e+44,8.76822687303e+43,1.12415636195e+54,-2.71625392628e+31,-3.30823482634e+32,-1.3906284565e+47,-1.38484376279e+27
time 292,-123876346042.0,2.04694103413e+34,6.95752293097e+23,3.78022306897e+45,-2.78423869249e+45,4.69871174387e+55,4.20242208502e+32,3.55059979631e+33,-5.55258643645e+48,7.02803241547e+27
time 293,-114852971451.0,-3.15499683821e+35,-4.23424240239e+24,1.24656030573e+47,7.42292167231e+46,1.91646654583e+57,-1.00044437701e+34,-3.79815686146e+34,-2.43800939475e+50,2.18417854971e+28
time 294,285742687725.0,3.84510502449e+36,-2.70101189118e+24,4.25646416307e+48,-2.48626643994e+48,7.69689902077e+58,1.37056770446e+35,7.70821731525e+35,-1.09792399446e+52,-5.29313798147e+28
time 295,-384750385304.0,-6.94329447282e+37,1.35153475892e+25,1.46046700162e+50,8.12177101612e+49,3.34305059549e+60,-2.0095338556e+36,-1.44026221211e+37,-4.79831068693e+53,-2.03602313035e+29
time 296,-1.54781276225e+12,1.34577709937e+39,-4.9965188881e+25,5.59718232221e+51,-2.74615985875e+51,1.48865593929e+62,2.39075300245e+37,2.06580402591e+38,-2.0222960321e+55,1.58518021313e+29
time 297,-6.76413022524e+12,-2.48211124495e+40,3.74079321905e+26,1.91831715591e+53,1.07249271234e+53,6.07280166333e+63,-1.61658395556e+38,-2.60324836506e+39,-8.5197168765e+56,-1.20195228425e+30
time 298,-4.59635326885e+13,3.35145322056e+41,-1.10292676977e+27,5.98073971143e+54,-4.6638116145e+54,2.35262048533e+65,8.34072008568e+38,3.25607799858e+40,-3.78629606875e+58,1.53471773499e+31
time 299,-3.66872769794e+14,-3.30036297591e+42,-2.17075954507e+27,1.92212655551e+56,1.98256836316e+56,8.95209808896e+66,-6.15140508046e+39,-3.3129269928e+41,-1.76650623527e+60,-2.05429518764e+32
time 300,-7.35810474325,12.1674014247,5.34243819013,23.6300610671,-5.95228118188,-11.0625234651,-3.99665290661,-18.6551975496,-22.89832861,-18.9002414221
time 301,-40.0551945493,15.4842725984,7.05503337433,165.57508708,-51.3365106747,45.4214732885,-26.0200810182,-305.794524887,171.154267411,183.595289121
time 302,-350.24787037,11.4350597353,40.6350140523,1596.09734251,-385.268139826,-159.037790621,-153.522030368,-4876.61874957,-1908.79765643,-1209.16950173
time 303,-2741.9800601,-21.2891531887,171.243045414,21734.0237756,-2181.41399073,9.45800006442,-1098.49023877,-28106.3137685,23798.5824666,5444.48536208
time 304,-22935.4025222,37.6563554651,1607.06819696,367674.499555,-13210.4251511,-16.6524153245,-10786.9536304,-226898.681501,-432623.848838,-40733.8663314
time 305,-161703.540514,-119.017939019,17278.0060713,7721613.95577,-103290.850265,25.1516288871,-120044.868253,-1230510.74713,9039894.78914,140941.559558
time 306,-622662.904859,439.28570717,111515.781196,163584342.949,-831578.689205,26.2516974651,-1145497.3883,-6610222.91634,-115609718.365,-74084.4731594
time 307,-5683567.89076,-2085.08326502,477301.693109,3019966187.97,-8038189.165,-2.92528191893,-16422087.5158,-54061076.4378,2170198480.43,640998.022888
time 308,-34446885.9411,11902.6242268,3108831.40637,45786093744.6,-15220003.7665,-0.994274788734,-347084217.488,-236546732.039,-37630680520.3,-7707185.34282
time 309,-370393130.395,-123392.528423,12726936.717,767849602500.0,-46695178.3049,-11.4075785479,-7692590383.35,-262774556.72,689138878874.0,43886946.3867
time 310,-4665210067.47,1375172.52174,1806263.15294,1.52513771348e+13,-429504186.96,-83.4384747425,-147177205481.0,-629420691.575,-1.30894092479e+13,-44475544.7944
time 311,-61133309159.7,-18193126.0466,-3787359.67648,3.78284537041e+14,-5671862439.52,-807.961297086,-2.16625776604e+12,-4825863852.83,2.05197973268e+14,-61301116.5819
time 312,-539926979624.0,279740280.517,10225382.4503,1.08927623658e+16,-59930442356.2,-9388.7387988,-3.26806585296e+13,-17058839762.1,-2.9745687748e+15,-218150119.039
time 313,-7.5626320921e+12,-4580018313.48,-81752823.0577,2.96719309077e+17,-849075456569.0,-89002.3178442,-3.67449377831e+14,-182226078121.0,5.41689671157e+16,-427876256.713
time 314,-1.41207454348e+14,70699983348.7,860469272.557,7.69000642397e+18,-1.66165692511e+13,-684934.937668,-2.68409448273e+15,-2.70726545681e+12,-1.02316755609e+18,-3913638846.75
time 315,-2.16787302858e+15,-903648506497.0,-3647944552.17,1.66567131308e+20,-3.17937896586e+14,-4659931.79075,-1.98662173964e+16,-3.57673439165e+13,2.13189002353e+19,-21151057522.8
time 316,-2.71758373774e+16,9.12696407232e+12,6013547247.32,4.20216706496e+21,-5.53462075814e+15,-31889674.4489,-1.8932031978e+17,-2.94726402804e+14,-3.42117512462e+20,-125427094461.0
time 317,-4.83439933804e+17,-1.35766378556e+14,-65751201828.6,1.22322410139e+23,-1.05765311407e+17,-359156664.658,-1.9907814648e+18,-3.49731578079e+14,5.02278128329e+21,-1.91658245349e+12
time 318,-7.91842460078e+18,1.37822631851e+15,608048380513.0,3.21156643549e+24,-2.04126165784e+18,-2502472465.67,-9.37500465018e+18,-2.81613629197e+15,-6.35779712471e+22,-1.80026183039e+13
time 319,-1.31734345021e+20,-1.41067611629e+16,-3.87424623607e+12,7.89551649644e+25,-4.13986521962e+19,-19624760833.6,-7.18272608746e+19,-2.60026206857e+16,8.86766680513e+23,-1.45484127672e+14
time 320,-1.9577080091e+21,1.68359969387e+17,3.22493959594e+13,1.66300698729e+27,-7.53577728038e+20,-163492820811.0,-6.7130255361e+20,-2.62882237056e+17,-1.19832624881e+25,-1.26741675263e+15
time 321,-3.52389051019e+22,-1.31470080008e+18,-1.25453802408e+14,3.46201337606e+28,-1.41097340707e+22,-951836200203.0,-8.15866566204e+21,-1.51429566821e+18,2.00723789531e+26,-1.00823534818e+16
time 322,-5.37163221227e+23,1.03245526613e+19,9.24885421246e+14,6.04380351765e+29,-2.70900976347e+23,-1.31254373342e+12,-9.37948579337e+22,-1.11872984002e+19,-4.26279495537e+27,-9.11805831182e+16
time 323,-5.84175983283e+24,-1.21214045608e+20,-7.04701044134e+15,1.30438938613e+31,-4.64186863903e+24,-8.89400599643e+12,-8.38215735333e+23,-6.72521320426e+19,6.77920437964e+28,-1.33751317769e+18
time 324,-9.13939104458e+25,1.37353660419e+21,5.19445581433e+16,2.4645758758e+32,-9.03380982699e+25,-1.82935135753e+13,-4.6864209446e+24,-9.32724946984e+20,-1.53924796982e+30,-1.47590069991e+19
time 325,-1.25770673205e+27,-1.94733097881e+22,-8.25034196781e+17,6.15428384784e+33,-2.2565319906e+27,-5.30832510428e+13,-2.5096169816e+25,-8.16675823545e+21,3.1573555422e+31,-3.38113778277e+20
time 326,-1.5080050262e+28,2.41595930749e+23,9.02323314171e+18,1.40357069604e+35,-6.18149321534e+28,-3.57672918082e+14,6.81089531019e+25,-5.89075834565e+22,-5.42310523892e+32,-8.63908074383e+21
time 327,-2.12600352262e+29,-3.6057982436e+24,-1.33863028394e+20,3.2542873399e+36,-1.61744022931e+30,-3.97683712311e+15,-2.18017064743e+26,5.3746697843e+22,7.83911046076e+33,-3.29959216351e+23
time 328,-3.46292738711e+30,7.26786750529e+25,2.93416368338e+21,7.68443398187e+37,-4.694502642e+31,-4.76174728931e+16,1.16187363048e+27,2.4385646898e+23,-1.34671462636e+35,-1.47813901155e+25
time 329,-6.03735367353e+31,-1.72413889783e+27,-6.73802106552e+22,2.03220660059e+39,-1.55984170977e+33,-6.41139979553e+17,-1.20367671152e+28,2.93483328604e+24,2.80370891229e+36,-6.51386526892e+26
time 330,-1.08600385629e+33,4.19897529262e+28,1.51405731882e+24,5.72614430531e+40,-5.40269105484e+34,-8.65375988628e+18,1.26655719227e+29,4.26553540402e+25,-6.11421944676e+37,-2.86979119958e+28
time 331,-1.95683303431e+34,-1.0055085747e+30,-3.62621859003e+25,1.77971500266e+42,-1.80583162351e+36,-1.39188948438e+20,-1.43791578306e+30,5.49577392216e+26,8.77992631448e+38,-1.23434627991e+30
time 332,-3.90218780826e+35,2.40771469872e+31,7.93124747299e+26,6.59858013317e+43,-6.12036300186e+37,-2.37209403716e+21,1.22491336079e+31,4.76112333991e+27,-1.39889582487e+40,-5.19471655371e+31
time 333,-6.69572425793e+36,-5.59041594914e+32,-1.87107444865e+28,2.06725393377e+45,-2.07408949531e+39,-3.25146601223e+22,-7.42432597402e+31,5.83170932142e+28,2.24056008917e+41,-2.10107831193e+33
time 334,-1.30182707528e+38,1.47257627558e+34,4.90575438011e+29,7.02664616381e+46,-7.37806214227e+40,-5.85605963507e+23,8.11927285583e+32,7.07530120957e+29,-3.09098213274e+42,-9.37920954943e+34
time 335,-2.87472217214e+39,-3.22656305229e+35,-1.28780867037e+31,1.92905458311e+48,-2.56824773297e+42,-7.71097978199e+24,-1.34151073654e+34,1.49074745953e+31,3.98706717916e+43,-3.63742184887e+36
time 336,-5.94055243267e+40,6.12562592191e+36,3.07024364778e+32,5.43143862825e+49,-1.01961889215e+44,-1.00305553136e+26,2.3955071426e+35,2.93798695825e+32,-3.79835606703e+44,-1.51274086361e+38
time 337,-1.26743669286e+42,-1.32343246907e+38,-8.60007252844e+33,1.7521514546e+51,-3.80484495585e+45,-1.37367773621e+27,-3.15491380246e+36,3.91972938736e+33,3.6663179463e+45,-7.14651635357e+39
time 338,-2.65503134507e+43,2.72726514368e+39,2.42244813095e+35,6.95512993818e+52,-1.57603001851e+47,-1.91534962283e+28,5.09926796751e+37,3.95123484563e+34,-2.81722504171e+46,-3.88793143985e+41
time 339,-4.93374203038e+44,-4.08306575505e+40,-6.3190041605e+36,2.68648674921e+54,-5.94108982381e+48,-2.63852826257e+29,-9.46341151746e+38,1.05207365952e+35,-4.32943127829e+46,-2.21056083934e+43
time 340,-9.15497000071e+45,7.95090600354e+41,1.68915146166e+38,1.15658273224e+56,-2.09378481752e+50,-4.69167013862e+30,1.34194731518e+40,-7.39209631659e+35,3.6130825689e+46,-1.35212432122e+45
time 341,-1.52293004774e+47,-1.35753020537e+43,-4.28397731639e+39,4.48358088928e+57,-7.63224848382e+51,-8.11670125094e+31,-1.8454967284e+41,8.59729432289e+36,3.73197971465e+46,-9.12482564331e+46
time 342,-2.93563027792e+48,2.73737333614e+44,1.0475713655e+41,1.91455804376e+59,-2.62536109734e+53,-1.79535114427e+33,2.62968869687e+42,-1.37031821903e+38,2.26497447455e+46,-6.0715289914e+48
time 343,-6.21925836185e+49,-3.94376662058e+45,-1.53307707821e+42,8.42838894546e+60,-1.03284297445e+55,-3.47138730052e+34,-4.62745651317e+43,1.28856777064e+39,-8.15206461917e+45,-3.73992645392e+50
time 344,-1.56261345802e+51,4.89331796265e+46,1.43145131883e+43,3.61916347679e+62,-3.7943875813e+56,-7.19444148873e+35,9.35659651769e+44,-1.39770825286e+40,9.97529332485e+45,-2.20166036622e+52
time 345,-3.93208111894e+52,-8.88217220345e+47,-1.64192403785e+44,1.63231650294e+64,-1.49861039353e+58,-1.85803729533e+37,-2.33483679215e+46,1.02098932351e+41,-1.20178730078e+46,-1.44679226622e+54
time 346,-1.09868050701e+54,1.7512405239e+49,2.06740407854e+45,6.37772192522e+65,-5.32511968964e+59,-4.92421807673e+38,5.59075989721e+47,-1.18408796477e+42,6.53366429989e+46,-9.77363786162e+55
time 347,-2.60278892479e+55,-4.21512863427e+50,-1.94904130154e+46,2.37695101958e+67,-1.47849896712e+61,-1.48636660489e+40,-8.75571042116e+48,2.49844739313e+43,-6.85729428435e+47,-6.27879648569e+57
time 348,-6.22385143003e+56,9.57514736931e+51,1.39470943048e+47,8.66393514085e+68,-4.94958459534e+62,-4.30122702431e+41,2.13466329765e+50,-2.7236178178e+44,7.48756156353e+48,-3.9453373434e+59
time 349,-1.20269487997e+58,-2.17880693333e+53,-1.23944717213e+48,2.85579140168e+70,-1.59376733641e+64,-1.19601670463e+43,-5.51381735811e+51,3.40184673799e+45,-7.88133505194e+49,-2.58419955271e+61
time 350,-1.27583667771,-10.8359001521,2.61571462945,37.2104233086,22.3953711338,4.68785515746,5.91970666505,15.0206520063,-12.1631289531,-8.02713631672
time 351,1.82046488477,-108.923871695,21.6837183295,127.536276129,64.2525436143,-10.3835825936,2.58982263735,125.354701049,-147.87531891,11.2816533048
time 352,13.2494224043,-918.783079399,147.523992989,1417.48033411,880.582826061,-7.09177295005,0.925421167488,1835.36217437,-1295.20810127,-67.3971289026
time 353,96.0731716281,-8547.8773317,799.411497707,5253.55330529,8676.3051845,27.9856024083,11.6130835651,25645.1649132,-6515.73881379,572.218679356
time 354,475.464159611,-116249.728747,11120.3140559,16452.407045,92259.4185132,-196.12650684,103.824982755,481782.637587,-14783.7632163,-11443.0157504
time 355,1006.07382629,-1770655.9602,172782.947835,59768.6591468,1120295.96448,1271.54608874,524.439694446,8744810.03846,-48825.0439001,272862.407242
time 356,3340.81098093,-30421408.8732,2438549.52287,352629.069186,14201330.4283,-8689.82232097,1671.55696815,149018511.45,-388441.324163,-4975058.79611
time 357,18477.4309633,-459847184.678,37096490.2486,1953671.70456,198887700.386,34905.649783,3204.05185279,2807338900.3,-2772662.58426,85390159.6168
time 358,119641.555977,-6171993765.94,636970957.043,10327842.2513,2330621419.86,-138173.741683,14748.5606987,47512724168.5,-3444386.53691,-1867473680.91
time 359,510201.163515,-75212378926.9,10074672445.6,106566430.003,24763978045.7,361568.845662,114096.373035,631256119589.0,-9970073.51015,42038186927.9
time 360,1724807.81661,-548760715912.0,129354209250.0,1199509002.91,285132204117.0,660532.177029,506611.198423,7.90995733385e+12,-43737553.8771,-608355339540.0
time 361,11269495.2992,-796142438441.0,1.54990603363e+12,11361419735.7,1.68190728114e+12,3780080.19735,4750084.5926,5.15921832785e+13,132148278.533,1.02073702791e+13
time 362,65643000.7956,-1.05312172134e+12,1.8523969158e+13,106484636570.0,9.54832700863e+12,22030936.7732,30022665.855,1.70279110678e+14,-363846031.108,-8.26476598131e+13
time 363,416000086.1,-2.28858089492e+12,2.20319444717e+14,1.06226695214e+12,6.27215875064e+13,126126414.093,141929423.826,2.72364645369e+14,630151238.854,8.29154619051e+14
time 364,4032836838.55,-3.43913076727e+12,2.28990990675e+15,1.11650834677e+13,4.06851489204e+14,1097924790.53,779525128.838,1.09458293781e+15,1159622355.99,-1.3088375913e+16
time 365,55038340456.7,-9.88829048937e+12,2.67390951877e+16,1.4004406104e+14,3.23403460791e+15,5682720195.83,5212449391.85,9.80942661269e+15,-3357848566.91,2.72814002629e+17
time 366,854197391359.0,406752047515.0,2.9603440086e+17,2.45412596561e+15,3.91700572608e+16,39340785579.1,-14645618771.0,1.07507211374e+17,20886380757.5,-4.01893135604e+18
time 367,1.1079852837e+13,-641076158610.0,2.56028571275e+18,2.91398258303e+16,3.06991537201e+17,215162943397.0,45678812651.7,1.52192228747e+18,-166834340839.0,8.1843616062e+19
time 368,1.01263798211e+14,2.39725834572e+12,3.45349082749e+19,3.55137403453e+17,2.37971391032e+18,916913145579.0,-116143040812.0,2.96492434434e+19,2.62810954739e+12,-2.10875944675e+21
time 369,6.46476463921e+14,-9.84229100292e+12,4.04818299414e+20,2.39503814393e+18,5.50135108284e+17,4.33887263018e+12,100301018226.0,2.75469088712e+20,-4.04853752374e+13,4.2519769483e+22
time 370,1.16928875427e+15,4.22112526075e+12,6.93777747255e+21,9.69943106104e+18,7.54507812881e+17,1.74001168751e+13,-555872100847.0,2.52683643883e+21,4.94763485587e+14,-8.74046385531e+23
time 371,5.69027984104e+15,-6.3859278583e+12,9.28951209061e+22,1.46572883256e+20,5.97846206381e+18,1.97824942082e+14,4.44888700037e+12,9.70696740592e+20,-1.25901887405e+15,7.81629564531e+24
time 372,2.98925734424e+16,9.56390009153e+12,1.30145599345e+24,2.7285403328e+21,5.26192130582e+19,2.27151308472e+15,-3.17575399915e+13,-4.21650705449e+21,5.40323558157e+15,-4.69038359011e+25
time 373,2.74791172598e+17,-2.93809066019e+13,1.04580469441e+25,5.87277467977e+22,5.91270785933e+20,2.84093709631e+16,3.9561308479e+14,3.79611514637e+20,-6.79618606004e+15,1.0623459262e+26
time 374,1.88984103631e+18,1.60162291634e+14,9.36386471375e+25,1.41693759312e+24,5.00085073116e+21,5.27558834638e+17,-3.66929472392e+15,-3.81181817462e+21,-2.57504792767e+16,5.75306947232e+26
time 375,1.16634153871e+19,-4.69670391951e+14,4.1748820845e+26,4.00210635423e+25,5.54114612717e+22,9.88147431864e+18,5.22353003979e+16,4.80742481744e+22,-2.96594751396e+17,5.00429355505e+27
time 376,7.94069573373e+19,2.42259721562e+15,-1.41319302015e+27,1.13543746511e+27,7.63855841639e+23,1.66853256324e+20,-8.22191904897e+17,-3.42785600506e+23,-3.14707030081e+18,6.24048750535e+28
time 377,7.95221243158e+20,-1.41389322158e+16,8.79912817982e+27,3.15481458287e+28,1.47849548208e+25,1.95323511296e+21,5.39758406095e+18,5.63813896378e+23,-5.98042868067e+18,4.852643529e+29
time 378,8.52816094175e+21,8.78871440092e+16,-8.48890303644e+28,9.10518012323e+29,3.13956665517e+26,2.24737219002e+22,-8.94653756533e+19,2.28860755068e+24,-2.94647408791e+19,5.42531875541e+30
time 379,4.76268628988e+22,-4.61392638254e+17,6.79932402042e+29,1.77595102082e+31,6.53754265244e+27,2.22962981835e+23,1.61270326812e+21,4.86053097544e+23,-1.02245222654e+20,1.03588816838e+32
time 380,3.40382408474e+23,4.91583085835e+18,-8.01387588969e+30,4.50198635119e+32,1.32488169887e+29,3.39887895109e+24,-1.88557142536e+22,-3.08049488936e+24,-3.89964791676e+20,2.38709272642e+33
time 381,7.06711084446e+23,-3.62708901332e+19,5.29141898728e+31,1.13492916369e+34,2.6626485753e+30,4.55187763886e+25,3.27156641039e+23,2.01270675556e+25,-2.44947186129e+21,6.26143885144e+34
time 382,-3.28936459859e+23,4.0159203536e+20,-5.22467382892e+32,3.56215911427e+35,5.11348361357e+31,8.7005854303e+26,-4.78673034116e+24,-2.4575389455e+26,-3.01315739768e+22,1.97002045425e+36
time 383,1.54350982778e+23,-4.85417028514e+21,5.3181620221e+33,1.04741697572e+37,7.78241288239e+32,1.89839650379e+28,6.08408285962e+25,5.01582898851e+27,-3.62611302848e+23,6.5340875198e+37
time 384,-1.07238874585e+23,4.93682359224e+22,-3.67358036013e+34,2.24031732504e+38,8.42095692974e+33,3.59166443282e+29,-4.87073288945e+26,-8.07623798148e+28,-3.05955285228e+24,1.54036903384e+39
time 385,4.53011687237e+23,-5.16072688695e+23,4.14189658119e+35,5.10934152566e+39,9.98346357011e+34,7.76194280221e+30,4.59529636118e+27,1.88067517057e+30,-4.82503372728e+25,5.42218066228e+40
time 386,-3.26434814468e+24,5.87908594925e+24,-4.73002581879e+36,1.39993833078e+41,8.58633720199e+35,2.03057892324e+32,-1.91878441905e+28,-6.74398201721e+31,-9.84449467342e+26,1.94950374833e+42
time 387,4.23798032389e+25,-5.22722445536e+25,5.00816591971e+37,4.61202863348e+42,6.15015387327e+36,5.44896672792e+33,8.6902185534e+28,2.66608593527e+33,-2.83099145988e+28,7.17709707447e+43
time 388,-5.59090019756e+26,5.6432868816e+26,-5.39284618453e+38,1.62491348777e+44,5.12197378213e+37,1.66902566196e+35,-5.72696576859e+29,-1.11553197035e+35,-8.49089967074e+29,2.77088362188e+45
time 389,8.12435650446e+27,-5.97512326246e+27,6.78959631368e+39,6.62739246449e+45,4.1614394848e+38,5.57492837328e+36,5.68433120656e+30,4.93297315129e+36,-3.08876934648e+31,1.14913195427e+47
time 390,-1.73515144266e+29,6.9006241728e+28,-7.74403910766e+40,2.78121321283e+47,4.18618393761e+39,1.83748862895e+38,-8.13466291129e+31,-2.12521382976e+38,-1.09416413005e+33,4.96810187598e+48
time 391,3.78799919341e+30,-9.20267852576e+29,1.1322447325e+42,1.09373953207e+49,3.05981082782e+40,6.69646403602e+39,1.07833835508e+33,1.01803370253e+40,-4.28890054821e+34,2.31542453335e+50
time 392,-8.0791127668e+31,1.30549076606e+31,-1.79928488523e+43,4.71445681381e+50,3.20860298713e+41,2.63709233194e+41,-2.35521963738e+34,-4.83231448955e+41,-1.82233737829e+36,1.21442599731e+52
time 393,1.59281431219e+33,-2.13040354122e+32,3.01224548436e+44,2.37584486563e+52,3.1562148695e+42,1.16494802342e+43,5.26228860601e+35,2.81436081663e+43,-7.99247659818e+37,7.11901597303e+53
time 394,-2.72557486186e+34,4.17100787929e+33,-6.36011216781e+45,1.15894934048e+54,3.08373987721e+43,5.60714960632e+44,-1.26140301567e+37,-1.7369930823e+45,-3.64614051436e+39,4.71565857445e+55
time 395,5.31238138271e+35,-6.84645697409e+34,1.58653781273e+47,5.79182673258e+55,3.56464687305e+44,2.60897993078e+46,3.40970934642e+38,1.12518847824e+47,-1.87421953409e+41,3.18516195655e+57
time 396,-9.75829410666e+36,1.36033024344e+36,-4.67505351453e+48,2.82520724993e+57,4.12888571543e+45,1.21116435292e+48,-7.78364127172e+39,-6.89124721815e+48,-8.95376240355e+42,2.13942637543e+59
time 397,1.61176352174e+38,-2.99991358237e+37,1.53712183976e+50,1.45713278439e+59,4.91119025522e+46,5.51014542936e+49,1.54459205547e+41,3.87560731114e+50,-4.22121765153e+44,1.3411272288e+61
time 398,-3.86882561826e+39,5.85673560641e+38,-4.64057096899e+51,7.46938480001e+60,3.83874289599e+47,2.4148024023e+51,-2.77223387029e+42,-2.26972031067e+52,-2.18414447564e+46,8.05027085532e+62
time 399,1.02985080083e+41,-1.15465959062e+40,1.20190972177e+53,3.8699434274e+62,1.88461678228e+48,1.06289297556e+53,3.47565840552e+43,1.46053041646e+54,-1.05259141437e+48,4.78282359012e+64
time 400,15.7444665384,-9.5398837501,-69.6764769501,30.9074549136,26.1985661379,27.8516483617,11.3115478358,-10.757286624,-7.51432867018,-79.0370598189
time 401,74.1150868543,70.1696114866,829.712118348,280.542575102,233.722445638,209.90851619,11.9023277648,-42.3506426857,-15.333021283,-469.026911257
time 402,175.553832399,-105.931230517,-6624.39844256,1043.69311149,2824.77991014,-10.0062638741,-44.9242426529,-746.422661086,-45.1279997569,-1286.07978993
time 403,480.318479451,-342.630402789,10292.0557889,7228.45583634,40946.2276427,-40.229361883,411.95221972,-10264.2305207,-589.072234163,-8635.54846317
time 404,1326.76848531,-754.70065724,-14592.4933957,57514.5430224,554669.903391,-165.491349771,-2967.94538109,-98892.4632496,-5458.06977222,-52846.74996
time 405,9936.05919788,1140.14973289,792.953614795,471194.594342,6199300.43228,-989.691204836,20924.9885244,-1271807.34194,-17415.9620507,-175899.500862
time 406,49924.6272293,-1715.11236941,-433.982699676,4748439.6913,75673729.791,-8631.17059381,-206560.430991,-19962414.3655,-175418.880564,-242437.30045
time 407,180975.945445,8015.63506025,873.553256747,69857863.9701,1196313483.29,-109604.03782,1772759.75142,-146246345.859,-1746572.56124,-3139572.91462
time 408,406496.386202,-23797.750689,-4224.71442132,1269968422.21,15377539425.9,-1407651.8704,-13252637.9988,58684426.2732,-27728402.9867,-60732258.8703
time 409,835428.036213,-11607.3679013,12103.5758563,10697589674.1,221084551261.0,-9552496.2039,93944573.9755,469390037.969,-303632731.673,-699406324.437
time 410,1709858.93862,-4056.72237708,-73086.0572018,85344091802.5,3.47320688121e+12,-27965147.58,116559474.533,5188655750.3,-2605359629.42,-6207117775.27
time 411,2929616.5507,-5471.46369921,606090.642995,468563657401.0,6.35081984987e+13,-137933554.303,-690890574.69,38333181764.7,-32964738550.8,-107375078949.0
time 412,9283095.40779,-11731.2920449,-6321151.58733,1.71406209139e+12,9.28417268773e+14,-340072518.065,3001061283.36,411662543356.0,-426533304077.0,-897717913895.0
time 413,56505874.1085,1446.51755732,84775372.8208,1.777391457e+13,1.4947786405e+16,-1575559083.89,-21101216214.6,3.46546256704e+12,-5.39600467474e+12,-1.3990755129e+13
time 414,303615580.221,-620.245057287,-1298159062.22,1.72707664882e+14,1.88666981327e+17,-10480481458.5,189620320767.0,1.78541537148e+13,-9.10151589917e+13,-2.24918371941e+14
time 415,1340118198.03,427.588486584,19063917470.2,2.25670007149e+15,2.08141046571e+18,-102049065600.0,-1.54037171802e+12,1.74926416644e+13,-2.00432682811e+15,-4.12829706278e+15
time 416,9757127763.15,-1040.46678716,-192994493290.0,3.21063314741e+16,1.96274531206e+19,-921707586943.0,-371284273170.0,5.51576959495e+13,-2.91053250167e+16,-5.06650904135e+16
time 417,94049906610.3,2570.24713066,2.63043290552e+12,2.18280061314e+17,1.2100612579e+20,-6.96565635373e+12,-1.75873132307e+12,-2.33313776063e+14,-3.15650809047e+17,-5.59483237284e+17
time 418,365777650773.0,-10726.1475012,-3.98769455792e+13,2.49215308034e+18,9.62892868157e+20,-6.03327213355e+13,-2.48453548528e+12,1.82875811576e+15,-3.72728394684e+18,-1.00631003765e+19
time 419,820761283439.0,28692.5967518,6.53852363768e+14,2.92531349118e+19,7.00513065498e+21,-3.77228715045e+14,-6.3406718282e+12,-1.02174465596e+16,-5.08177498575e+19,-1.63348365773e+20
time 420,4.25703336055e+12,-218740.240395,-1.09141038499e+16,4.02093489027e+20,1.3134668427e+22,-4.54677374463e+15,-7.75543916449e+13,1.19101266379e+17,-6.51280819912e+20,-2.66733210249e+21
time 421,-3.06116541157e+12,1936454.83618,1.47337913044e+17,5.63235818786e+21,-1.05183637838e+22,-5.92217738902e+16,-9.174278173e+14,-1.3160638624e+18,-8.11563668351e+21,-2.87920467894e+22
time 422,-7.22896990583e+12,-16742123.3101,-2.41925354076e+18,6.85221720637e+22,3.4771732214e+21,-9.36247651296e+17,-4.44232244007e+15,1.96259767661e+19,-1.32407634859e+23,-4.57095001159e+23
time 423,-6.77209773375e+13,141365912.486,4.14577660839e+19,1.07821514875e+24,8.2852571449e+21,-1.61129717834e+19,-1.12240861588e+16,-8.91498407163e+19,-2.58857904069e+24,-3.74815275308e+24
time 424,-3.77689918504e+14,-1116219464.0,-5.3646791698e+20,1.77788561754e+25,3.27527133994e+22,-2.69754521136e+20,-6.58958481029e+16,7.72160154107e+20,-4.23374269536e+25,-2.56137341996e+25
time 425,-2.60525413432e+15,8190198648.95,4.96101292686e+21,2.94946955314e+26,-4.55848127424e+21,-5.05791735495e+21,-6.07899867659e+17,-9.02281459622e+21,-7.2917420589e+26,9.97198701107e+24
time 426,-1.96030204772e+16,-64246770197.1,-4.13047826401e+22,5.95964311078e+27,-5.97009524269e+20,-1.0090990436e+23,-2.83384195811e+18,9.7143210576e+22,-1.37937867694e+28,5.60491937808e+25
time 427,-1.72688247155e+17,553494115406.0,4.40945180477e+23,1.23357255902e+29,-1.33442723001e+21,-1.75913561695e+24,-2.59015564454e+19,-1.58321052831e+24,-1.83252649961e+29,7.56456817149e+26
time 428,-9.91197032273e+17,-6.98545653264e+12,-5.84686718644e+24,3.56750581737e+30,-5.17007521992e+21,-3.45284287967e+25,-1.98051799061e+20,2.71378944728e+25,-2.30076895187e+30,1.2324301435e+28
time 429,-9.12527051571e+18,5.74950116996e+13,8.82330035695e+25,8.10122677812e+31,-3.80353940856e+22,-4.08780936246e+26,-2.30334948235e+20,-3.9757623532e+26,-1.43874204732e+31,2.48095822077e+29
time 430,-6.38679679923e+19,-4.62828689351e+14,-1.25997779967e+27,1.54984903738e+33,-2.7054167224e+23,-4.54917649752e+27,-6.59355142809e+20,5.38478900945e+27,-9.02650125567e+31,4.81193665449e+30
time 431,-7.52658125081e+20,6.069084913e+15,1.98439326982e+28,3.20196081313e+34,-1.55692076809e+24,-6.97066451654e+28,-3.11112684356e+21,-9.83255571576e+28,-6.91703552173e+30,9.38721228275e+31
time 432,-9.02858643747e+21,-7.99696779062e+16,-3.90226667787e+29,6.75153123705e+35,-1.44556798989e+25,-9.72139302914e+29,-3.81885659223e+21,9.75721494569e+29,-2.55837432196e+31,2.05392258802e+33
time 433,-1.18831328795e+23,8.17833855964e+17,6.85899729404e+30,1.43704208597e+37,-1.59087181351e+26,-1.03436900441e+31,-1.19872075413e+21,-8.90690241613e+30,-6.37382389466e+31,4.48055290901e+34
time 434,-1.39538876818e+24,-9.20634828167e+18,-8.58244573091e+31,3.47940489135e+38,-2.06453899787e+27,-1.36234488618e+32,1.27346563917e+21,9.50828681159e+31,-8.27110648811e+31,1.05629012853e+36
time 435,-1.98453778698e+25,1.44136228119e+20,1.24514381944e+33,1.05419495569e+40,-2.42518388882e+28,-2.23465817702e+33,4.14321542133e+21,-8.61999206951e+32,-1.74963603787e+32,2.41019925728e+37
time 436,-3.06650170789e+26,-2.69823413852e+21,-1.76903337483e+34,2.6656805118e+41,-2.23398520259e+29,-4.42943408264e+34,3.16675658201e+22,1.53448409593e+34,5.53377452371e+32,6.62877693608e+38
time 437,-5.01369710678e+27,4.96904195384e+22,2.31022220254e+35,7.36854124799e+42,-2.73831985013e+30,-8.78373883446e+35,2.84610897245e+23,-3.97329363163e+35,-3.71466900447e+33,2.25835093629e+40
time 438,-4.74924482983e+28,-7.75803301787e+23,-2.38757087586e+36,1.60164325826e+44,-3.05072054638e+31,-1.64968641198e+37,9.50958486467e+23,1.22211893796e+37,2.01984260651e+34,8.09417382097e+41
time 439,-4.95101146562e+29,1.43537302908e+25,2.78810167483e+37,3.54845589998e+45,-3.60407113453e+32,-3.05085852846e+38,6.59515453957e+24,-3.69562811292e+38,-2.11289002083e+35,3.0003627582e+43
time 440,-3.804789258e+30,-3.01689565334e+26,-4.3690943413e+38,6.82264869552e+46,-4.83353744709e+33,-4.91906871746e+39,4.16494262453e+25,8.87983979326e+39,2.75557472242e+36,1.12353747524e+45
time 441,-1.34465986569e+31,7.11372280138e+27,7.96337557102e+39,1.38597446241e+48,-8.01486708586e+34,-7.02830865633e+40,1.22858387765e+24,-1.90504837491e+41,-4.73164302209e+37,4.5210661153e+46
time 442,-5.34201785111e+31,-1.54122774296e+29,-1.09262280489e+41,2.56736723348e+49,-1.28786728422e+36,-1.06453805912e+42,-6.36132857701e+24,3.91677756711e+42,8.37869409623e+38,1.53933861766e+48
time 443,-3.78845510245e+32,2.94821389567e+30,1.24830039783e+42,5.1924179469e+50,-2.15051723048e+37,-1.3704422845e+43,-1.03034546267e+25,-9.42956122259e+43,-1.76719665492e+40,4.891677735e+49
time 444,-5.60357367755e+33,-4.90472162443e+31,-9.73123059993e+42,1.234167222e+52,-4.29371948412e+38,-1.87342525432e+44,-6.14313951456e+25,2.36271264692e+45,3.65028147873e+41,1.52681322962e+51
time 445,-1.05870923905e+35,1.25783629916e+33,1.62337488483e+44,3.25397773497e+53,-8.44394612507e+39,-3.49231387096e+45,-5.97523098269e+26,-7.07532388062e+46,-9.90900473888e+42,5.38670069499e+52
time 446,-1.6977627385e+36,-3.78750484162e+34,-3.51137218069e+45,1.05823381773e+55,-1.58507629859e+41,-8.43841268242e+46,-6.22318620197e+27,2.75805947276e+48,2.27757056434e+44,2.27464832939e+54
time 447,-3.0870653523e+37,1.12509141606e+36,5.75242945452e+46,3.14011547906e+56,-2.63227925753e+42,-1.89272473741e+48,-9.30428860127e+28,-1.07122251966e+50,-6.94669147535e+45,8.64884212522e+55
time 448,-5.25559517579e+38,-3.35696137053e+37,-9.84882534598e+47,8.75810719683e+57,-2.80168033087e+43,-4.53221973175e+49,-1.25394006219e+30,4.19715084885e+51,1.78779370257e+47,2.92446060543e+57
time 449,-8.18703854577e+39,1.01466277191e+39,1.33064219275e+49,2.45813395609e+59,-2.69841462902e+44,-1.06448684823e+51,-1.71852801889e+31,-1.48148133277e+53,-4.85824716125e+48,9.75186663627e+58
time 450,-4.32415222122,2.58381784452,22.060006872,11.0164636974,6.04559716707,5.20104546646,110.644949918,-8.9480410615,15.0359977019,10.7866867034
time 451,29.1237430452,15.8177656543,239.089260866,-110.341419193,-27.7219080238,-17.9426337086,1204.8003629,55.1206524768,-81.7189778192,-37.8808335924
time 452,-243.002340963,165.340409792,4076.52378815,2030.31668098,178.064449551,165.211511146,13170.8337177,21.0022313838,843.728404109,465.240504291
time 453,-485.86611222,1781.70446999,98661.7130476,-48173.5956223,-1242.045749,-2098.71726492,262317.656362,183.122625692,-19669.6222963,-11592.557039
time 454,1026.85191681,15664.0556552,1967569.95898,916298.917137,6681.31209096,24876.6713112,4325379.97859,1239.25339411,394690.722294,208217.629823
time 455,-2968.94880634,130589.698889,33611734.2799,-23814458.6956,-31009.4349305,-386759.282914,56810314.2137,14271.6698944,-9713215.288,-3396428.93208
time 456,8213.12844678,1378690.08142,760428883.516,689438072.437,89847.1730554,7481674.77811,783205271.096,181773.257309,321111413.804,69259257.6601
time 457,-34987.8272414,15593987.3934,17827197941.3,-17141671588.9,-68561.1012325,-132488573.003,12065729117.5,1653627.92544,-9342830425.63,-1255812709.15
time 458,28598.2620053,133096662.913,269086150486.0,460014488565.0,262823.94597,2262141924.34,187517391466.0,13936249.7715,269945656009.0,23701575196.5
time 459,-62632.1092924,1339334053.2,3.32412351436e+12,-1.15459273619e+13,-864790.71316,-47904452476.8,3.8349205058e+12,133400131.333,-7.62512290311e+12,-513805157467.0
time 460,121439.9486,11291628447.1,4.20199639222e+13,3.81715855804e+14,5878496.70566,1.09365008998e+12,9.55738809153e+13,2408856619.23,2.49630492786e+14,1.6157594172e+13
time 461,341434.30097,112723044945.0,5.91080000058e+14,-1.36439086493e+16,-55026134.0762,-2.24525263147e+13,2.07072135326e+15,52569934906.1,-7.2684636856e+15,-6.8348167272e+14
time 462,496353.621262,1.28326804947e+12,8.86945602134e+15,5.23044855387e+17,621604038.539,4.96331310816e+14,4.80120161174e+16,932784776324.0,2.26402228307e+17,2.98154520352e+16
time 463,3829550.18315,1.4601761886e+13,1.37408761966e+17,-1.91340346889e+19,-6095901154.13,-1.23188432448e+16,9.3087143597e+17,2.43523233901e+13,-8.29007800458e+18,-1.47370556236e+18
time 464,28372853.8433,1.59155941734e+14,1.61411926793e+18,6.41097335589e+20,64022879250.4,3.30945784551e+17,1.89735518066e+19,6.36071022309e+14,3.00928153579e+20,6.78756479495e+19
time 465,33189497.1172,2.00980011316e+15,2.68930511394e+19,-2.43301442497e+22,-942453871623.0,-1.03088689948e+19,4.2610684734e+20,1.93824072655e+16,-1.22977340171e+22,-3.98159323191e+21
time 466,17828167.6874,2.12105378654e+16,3.10903163267e+20,8.55036140521e+23,1.3321048507e+13,3.14385601535e+20,9.24811782328e+21,6.3210344637e+17,4.49312750522e+23,2.21738284399e+23
time 467,-46639282.0282,2.68571654886e+17,3.72521145512e+21,-3.24164353603e+25,-2.29987513353e+14,-1.06429957765e+22,2.10856973906e+23,2.02966176673e+19,-1.60760001989e+25,-1.22788615952e+25
time 468,274011796.851,2.30221474288e+18,4.31017427215e+22,1.12896790351e+27,3.93101863817e+15,2.82539754268e+23,4.21721368838e+24,6.77391774927e+20,4.69354055721e+26,6.57902759124e+26
time 469,-1300875308.66,1.6280144127e+19,3.66513641395e+23,-3.58895429453e+28,-6.1718860186e+16,-7.78787465651e+24,9.74043721537e+25,2.19079993577e+22,-1.54879620264e+28,-3.61912605654e+28
time 470,-295574345.377,1.89895557672e+20,3.66172790962e+24,1.24937104118e+30,8.65805093773e+17,2.33122931293e+26,1.88898483431e+27,7.68570460421e+23,4.96215126654e+29,2.08312204941e+30
time 471,-193360339.76,2.33992850118e+21,3.83871834819e+25,-4.14294260098e+31,-1.26220842621e+19,-7.51775383996e+27,4.82121886036e+28,2.69496785154e+25,-1.70655213011e+31,-1.28055598508e+32
time 472,670717958.453,2.50836397658e+22,2.36698606374e+26,1.25712443507e+33,2.08202170953e+20,2.28676366035e+29,1.01437164503e+30,1.0444334682e+27,4.66866314504e+32,7.8598927247e+33
time 473,-6520344584.01,3.05547428906e+23,2.46121499968e+27,-3.21880363675e+34,-4.02700899154e+21,-6.36211582168e+30,2.63559457567e+31,3.23156801126e+28,-1.06840749744e+34,-5.28159423285e+35
time 474,32574546307.6,2.92975086478e+24,1.93181092024e+28,8.48641120702e+35,8.43738842209e+22,1.47650690792e+32,7.83054652936e+32,8.74086928414e+29,2.40096658266e+35,3.70814293262e+37
time 475,-21638335563.0,1.7665271796e+25,7.24013114263e+28,-2.14830774781e+37,-1.74163578093e+24,-3.4545070721e+33,2.77395040416e+34,2.27917768607e+31,-6.52324932736e+36,-2.46857433278e+39
time 476,88250710453.4,1.61655652375e+26,4.15574306048e+29,5.45656823623e+38,3.22831942962e+25,8.71342913631e+34,8.69009839002e+35,6.75958782113e+32,1.55441994035e+38,1.62046438298e+41
time 477,-488292419027.0,1.96269293703e+27,2.62876755558e+30,-1.5508285937e+40,-6.15963929152e+26,-2.28387923835e+36,2.73511408071e+37,1.83687641979e+34,-3.28598211688e+39,-1.10805702735e+43
time 478,5.83801219786e+12,1.28663921124e+28,1.49343486033e+30,3.85169348296e+41,1.39102581321e+28,5.30046237951e+37,9.04424317542e+38,3.41401026143e+35,6.88201786146e+40,6.56351478422e+44
time 479,-6.88519483932e+13,1.11364781874e+29,2.12527619011e+29,-1.11819969684e+43,-2.79894721194e+29,-1.45088486232e+39,2.55615501792e+40,9.32315216344e+36,-1.57504940478e+42,-4.42686772502e+46
time 480,8.57161210167e+14,9.9093818758e+29,-2.77573525653e+29,2.78772540185e+44,4.67909035151e+30,3.78627725402e+40,6.40302524133e+41,2.06687599817e+38,3.1474525645e+43,2.51123210956e+48
time 481,-7.99529323656e+15,1.02550571559e+31,1.90097877927e+29,-9.08078863314e+45,-1.04789239066e+32,-1.11468768552e+42,2.10346373075e+43,4.19853643158e+39,-7.56512472841e+44,-1.62127299635e+50
time 482,8.08596581521e+16,1.32255994527e+32,3.25956456964e+29,3.10420104007e+47,2.20321521141e+33,3.43503154902e+43,6.80425555322e+44,6.84375007655e+40,1.98149495082e+46,1.06237086111e+52
time 483,-6.49938493938e+17,1.88986894572e+33,7.37877757103e+29,-1.29006558098e+49,-4.92311994712e+34,-1.30392914139e+45,2.44649416207e+46,1.57635787293e+42,-6.92633162179e+47,-7.83546941189e+53
time 484,6.07773848331e+18,3.9639593029e+34,1.43773304622e+30,6.1772595567e+50,1.2531807334e+36,5.88232506742e+46,8.92649402388e+47,3.45710675088e+43,2.28511834145e+49,6.01547186522e+55
time 485,-1.01998313145e+20,9.36489578777e+35,2.20472473789e+30,-2.79434837008e+52,-3.18366083752e+37,-2.50250494389e+48,3.37072732403e+49,5.36983566835e+44,-5.03366151994e+50,-4.4515944771e+57
time 486,2.15138880162e+21,2.16306122658e+37,5.92258931949e+30,1.26797334518e+54,9.41610006455e+38,1.01430750448e+50,1.16060571914e+51,8.90801950627e+45,8.38840759433e+51,3.36422766778e+59
time 487,-4.59651993558e+22,5.79547236082e+38,3.59943405733e+31,-5.83133908855e+55,-2.78847146893e+40,-4.50684782021e+51,4.02947103787e+52,1.34824741659e+47,-1.56149499643e+53,-2.479104453e+61
time 488,8.66181324022e+23,1.55638359159e+40,3.80657704571e+31,2.42817645096e+57,8.43768199585e+41,1.99588166619e+53,1.28292415202e+54,3.10015126541e+48,1.90554507188e+54,2.00848587447e+63
time 489,-1.03784772777e+25,4.58182947428e+41,2.50975237802e+32,-9.96965095359e+58,-2.25702897158e+43,-8.74044938425e+54,3.86841113926e+55,8.28801731049e+49,-2.58991081505e+55,-1.64261472235e+65
time 490,1.13768942379e+26,1.4856321923e+43,4.03135590407e+33,5.05444104811e+60,6.59819952131e+44,3.9420385869e+56,1.16786977023e+57,2.37546452381e+51,4.75073543379e+56,1.41823137502e+67
time 491,-8.39788626378e+26,4.21901501031e+44,4.91731805325e+34,-2.1864221014e+62,-1.8579854363e+46,-1.62196280299e+58,4.21241715626e+58,6.68718329525e+52,-8.51860379962e+57,-1.25363509983e+69
time 492,4.18757964759e+27,1.00239314221e+46,4.44324900276e+35,8.0389232473e+63,4.71454589117e+47,5.94851689027e+59,1.78387892391e+60,1.64715332945e+54,1.4937067813e+59,1.03373285331e+71
time 493,-5.37669297278e+27,2.38926059683e+47,3.16728281147e+36,-3.12740847992e+65,-1.07257985859e+49,-2.45874558501e+61,6.60124149388e+61,6.18307727687e+55,-3.20396631223e+60,-8.95762452924e+72
time 494,1.26576401948e+28,5.86419038652e+48,3.09730500602e+37,1.15988641487e+67,2.72165255047e+50,9.96157886853e+62,2.23879369495e+63,2.37208345517e+57,5.99248924076e+61,7.86315356592e+74
time 495,-3.2482652474e+28,1.51116136897e+50,3.64865050761e+38,-4.36971831236e+68,-6.34148767311e+51,-4.15499346706e+64,7.80347628655e+64,8.84982272746e+58,-1.21548899436e+63,-6.68253278001e+76
time 496,1.17998917832e+29,3.43862895767e+51,2.13186893261e+39,1.59323191874e+70,1.36647665878e+53,1.70518116432e+66,2.79465636585e+66,3.51881856466e+60,2.2191633452e+64,5.42399201374e+78
time 497,-3.00687723473e+29,6.17346887718e+52,5.67392500876e+39,-5.73756495809e+71,-2.96427617105e+54,-6.98501716283e+67,1.07759739059e+68,1.35647299845e+62,-5.44562700307e+65,-4.14802176314e+80
time 498,1.40638606385e+30,1.00254595339e+54,-1.06110098395e+40,2.29108718938e+73,7.32632832762e+55,2.72158059624e+69,4.32746448663e+69,4.98647407841e+63,1.0518954405e+67,3.04723394223e+82
time 499,-9.71439545403e+30,1.57201745718e+55,-2.92214574603e+40,-8.87996559268e+74,-2.05964032517e+57,-1.01583231703e+71,1.75037657259e+71,1.64091702522e+65,-2.32580003807e+68,-2.3032905902e+84
